"","Answer.group","Answer.pracRT","Answer.pracX","Answer.pracY","Answer.taskRT","Answer.taskX","Answer.taskY","Answer.trialImg","Answer.trialIndex"
"1",2,2932,9,34,",15663,3747,6135,7718,5342,1642,7098,4443,12833,4686,1971,2798,1546,2299,2982,1996,48391,1801,611,4296,1753,8194,851,1775,4394,1960,1922,2544,4760,2764,9983,5650,1264,5088,301,1877,3092,3372,42329,2603,1680,1229,5638,1691,1984,3360,71,339,2726,1522,3751,1498,9448,4102,1180,1923,10314,3617,2240,2995,3787,12569,2459,2131,1241,378,1705,1168,2934,10423,2848,2300,2750,4225,1339,912,1291,985,1533,1570,2241,3409,1266,19020,6597,4286,1328,1156,1971,1423,1472,9559,1241,1350,7392,2824,2397,1850,1874,1949,1874,1570,4577,1751,3482,1704,1654,1923,2362,1387,3469,912,1582,1485,1313,1776,2349,2934,6515,17923,12812,1388,1484,2203,1800,2616,3592,4615,1741,8158,2057,10837,1887,1277,1717,1374,1459,2385,2849,4907,2203,1423,6125,4784,3126,2909,2813,2203,2371,2616,2763",",389,-102.5,-102.5,5,397.5,149,65,155,167,182,217,137,142,133,131,188,198,238,224,140,159,180,193,246,254,257,263,220,141,212,134,161,141,259,368,237,204,175,144,236,184,190,211,137,166,154,360,360,197,199,183,148,246,221,240,151,172,282,151,228,198,159,198,248,245,264,221,242,250,182,223,198,198,209,228,202,201,221,202,239,138,133,121,215,186,138,181,192,277,205,222,171,250,137,156,221,160,151,214,226,161,119,176,181,126,143,102,149,235,174,166,185,166,192,226,110,187,237,134,202,178,173,166,229,96,234,204,206,146,167,165,203,157,143,180,165,193,243,185,180,220,161,145,127,206,153,242,192,239,142,174",",19,20,14,12,12,433,14,14,53,35,12,26,30,13,23,25,41,17,77,18,18,12,12,23,15,12,12,23,15,13,12,19,40,12,421,12,18,12,34,12,45,23,12,38,16,13,418,418,13,29,17,26,12,16,14,25,12,15,12,12,19,12,26,23,16,153,25,431,25,37,25,52,19,20,28,12,19,22,14,14,14,49,26,17,12,16,12,20,35,19,46,37,62,67,37,43,35,31,21,12,22,23,29,28,12,12,16,12,12,65,69,62,59,14,26,18,15,19,24,42,39,52,45,31,33,47,35,12,22,14,37,41,23,22,22,61,20,36,12,43,28,33,25,20,12,30,25,44,15,12,12",",0,1,1,11,13,0,8,5,2,6,10,0,1,0,0,11,7,11,6,2,12,5,8,9,13,13,13,11,2,10,2,3,2,13,1,12,8,7,0,13,6,8,7,2,7,4,4,11,10,7,4,13,9,10,4,2,14,4,7,7,3,6,14,12,3,11,9,14,8,11,6,9,10,11,4,12,10,6,12,1,5,2,7,5,5,7,10,14,11,12,8,12,2,2,10,4,3,12,11,6,1,8,8,0,5,1,3,14,9,13,8,9,14,13,4,10,14,0,6,3,5,5,12,0,12,9,10,3,1,1,6,3,0,7,3,9,14,6,8,14,5,4,1,9,3,14,9,13,4,5",",0,1,2,3,4,5,6,7,8,9,10,11,12,13,14,15,16,17,18,19,20,21,22,23,24,25,26,27,28,29,30,31,32,33,34,35,36,37,38,39,40,41,42,43,44,45,46,47,48,49,50,51,52,53,54,55,56,57,58,59,60,61,62,63,64,65,66,67,68,69,70,71,72,73,74,75,76,77,78,79,80,81,82,83,84,85,86,87,88,89,90,91,92,93,94,95,96,97,98,99,100,101,102,103,104,105,106,107,108,109,110,111,112,113,114,115,116,117,118,119,120,121,122,123,124,125,126,127,128,129,130,131,132,133,134,135,136,137,138,139,140,141,142,143,144,145,146,147,148,149"
"2",2,9328,143,294,",5146,8287,9384,5691,3917,4147,4121,4070,3031,5912,7113,3458,2361,2363,2163,7322,3250,12957,3093,4067,7320,3580,4654,4092,2408,7284,3215,2321,2917,2437,3008,4373,2930,2584,5429,2075,1486,2567,2390,2193,1534,2123,3005,4464,1417,3809,3348,2231,1919,2684,2346,1752,1616,1800,1330,1463,1520,3071,4985,4222,4596,2514,2873,1671,2386,1670,2028,2581,2355,1433,4213,1705,1267,2404,3215,2795,2601,3251,2830,3773,1886,1330,4540,2111,6419,1837,37849,3389,1867,1426,2448,2109,430859,1999,1609,2289,1873,1194,2510,1989,2999,2081,2295,2391,2703,3940,217170,1549,3164,4992,1987,2552,4191,2349,2947,2442,1823,4539,2356,2127,2793,2581,4711,2465,2615,2254,4199,2385,3372,2101,2924,2384,1942,2258,1938,3639,2304,3211,2248,2733,5348,4871,2008,1599,2316,2665,4823,2688,2722,1394",",143,141,144,153,148,150,147,145,142,150,146,147,143,149,142,149,142,144,146,146,149,143,143,143,142,148,143,145,144,141,154,144,153,156,149,142,142,144,146,151,149,145,142,149,143,153,141,143,144,142,145,148,142,143,142,142,141,142,150,142,144,142,148,143,153,141,145,143,143,142,148,140,144,141,147,147,150,145,144,148,145,142,144,150,139,146,142,141,151,144,143,143,141,140,138,143,139,141,142,139,128,138,140,141,138,142,143,142,142,150,142,142,150,139,146,150,151,146,148,142,145,142,141,146,142,144,142,144,147,143,148,142,143,146,142,147,144,145,144,149,143,146,146,143,146,146,145,152,147,144",",423,401,397,284,214,202,358,397,407,227,331,354,377,351,410,264,412,395,337,316,351,256,420,402,413,239,399,343,343,412,305,254,262,258,315,412,406,421,375,340,348,392,415,338,397,281,383,271,309,382,229,235,242,383,405,408,356,277,323,369,300,405,336,360,299,368,330,271,419,416,252,313,367,329,249,337,267,250,396,264,373,399,347,361,340,388,325,418,320,368,419,378,392,388,361,375,345,340,402,397,328,299,407,383,324,421,386,397,286,323,379,410,253,217,264,277,287,327,257,375,320,416,218,211,316,394,314,346,285,412,319,315,417,358,417,349,324,207,405,338,245,299,328,379,380,386,283,347,358,371",",1,4,3,12,14,14,6,4,2,13,9,7,5,7,1,12,1,3,7,8,6,11,0,2,1,14,2,7,6,1,12,14,13,13,9,1,1,0,6,9,9,4,1,9,2,13,4,11,10,4,14,14,13,4,2,2,7,11,12,5,10,2,12,5,12,4,6,11,0,0,13,8,5,8,13,6,13,11,3,10,4,2,9,6,9,3,10,0,13,5,0,5,4,4,7,5,8,8,3,3,12,11,2,6,10,0,3,2,11,9,3,1,11,14,12,10,10,9,11,5,12,0,14,14,8,3,8,7,10,1,10,8,0,7,0,7,8,14,3,9,13,10,8,5,6,6,11,12,7,5",",0,1,2,3,4,5,6,7,8,9,10,11,12,13,14,15,16,17,18,19,20,21,22,23,24,25,26,27,28,29,30,31,32,33,34,35,36,37,38,39,40,41,42,43,44,45,46,47,48,49,50,51,52,53,54,55,56,57,58,59,60,61,62,63,64,65,66,67,68,69,70,71,72,73,74,75,76,77,78,79,80,81,82,83,84,85,86,87,88,89,90,91,92,93,94,95,96,97,98,99,100,101,102,103,104,105,106,107,108,109,110,111,112,113,114,115,116,117,118,119,120,121,122,123,124,125,126,127,128,129,130,131,132,133,134,135,136,137,138,139,140,141,142,143,144,145,146,147,148,149"
"3",2,6076,145,296,",2812,2978,1872,1516,1339,1572,2950,2910,5558,4943,1353,1347,3724,1338,3517,1637,2362,2905,1747,2724,2155,2676,3053,2375,1574,2557,2107,1864,2329,1652,1832,1534,1881,2377,1780,2281,1597,1999,1471,1549,2006,1811,1282,1676,1275,1534,3548,1471,2266,1061,1047,1667,1991,1644,1790,1386,2251,1919,1936,2257,1879,4758,4273,1991,1423,2471,1769,13709,1982,1881,1226,1496,1337,1415,2054,1780,1771,1344,3196,1915,1605,1646,2401,38024,1653,1431,1345,1951,1597,1313,1353,1439,1298,1541,1573,1777,2085,1911,1589,1737,2235,1323,1321,1731,1778,1732,1960,2281,1596,1536,3737,1949,1462,1417,1989,2335,1778,1692,2322,1543,1611,1416,1407,2194,1424,1834,2375,1832,1273,1313,1486,1204,1179,1430,887,1927,1589,1447,2432,1785,1133,1298,1281,1713,984,1147,1068,4359,1557,1667,1272",",142.36328125,135.37109375,140.37109375,142.36328125,146.3671875,147.36328125,140.37109375,142.36328125,144.375,135.37109375,135.37109375,144.375,142.36328125,140.37109375,140.37109375,144.375,142.36328125,140.37109375,145.37109375,142.36328125,144.375,144.375,144.375,144.375,144.375,154.375,137.36328125,152.36328125,139.375,146.3671875,151.3671875,156.3671875,144.375,154.375,144.375,147.36328125,142.36328125,167.36328125,145.37109375,151.3671875,142.36328125,155.37109375,154.375,150.37109375,147.36328125,150.37109375,141.3671875,140.37109375,152.36328125,150.37109375,139.375,140.37109375,142.36328125,141.3671875,144.375,144.375,145.37109375,141.3671875,144.375,144.375,145.37109375,139.375,140.37109375,142.36328125,136.3671875,141.3671875,142.36328125,141.3671875,141.3671875,147.36328125,150.37109375,142.36328125,139.375,162.36328125,144.375,140.37109375,142.36328125,144.375,152.36328125,141.3671875,147.36328125,141.3671875,140.37109375,157.36328125,140.37109375,145.37109375,146.3671875,141.3671875,147.36328125,154.375,149.375,137.36328125,147.36328125,154.375,141.3671875,146.3671875,145.37109375,145.37109375,140.37109375,146.3671875,141.3671875,156.3671875,149.375,145.37109375,146.3671875,152.36328125,146.3671875,140.37109375,147.36328125,150.37109375,152.36328125,147.36328125,145.37109375,144.375,144.375,142.36328125,144.375,142.36328125,142.36328125,154.375,142.36328125,142.36328125,152.36328125,141.3671875,151.3671875,151.3671875,147.36328125,142.36328125,150.37109375,145.37109375,141.3671875,147.36328125,147.36328125,152.36328125,151.3671875,142.36328125,140.37109375,150.37109375,141.3671875,145.37109375,164.375,142.36328125,155.37109375,142.36328125,149.375,145.37109375,146.3671875,154.375,145.37109375,151.3671875,150.37109375",",374.00390625,294.00390625,318.0078125,277.01171875,297.01171875,258.0078125,262.01171875,390,367.01171875,324.00390625,320,292.01171875,414.00390625,403.0078125,403.0078125,420,357.01171875,393.0078125,284.00390625,427.01171875,370,413.0078125,402.01171875,418.0078125,403.0078125,254.00390625,332.01171875,252.01171875,408.0078125,382.01171875,352.01171875,245,362.01171875,280,345,374.00390625,417.01171875,240,417.01171875,279.00390625,409.00390625,275,299.00390625,345,285,363.0078125,424.00390625,343.0078125,309.00390625,304.00390625,369.00390625,420,413.0078125,363.0078125,389.00390625,350,424.00390625,413.0078125,415,422.01171875,282.01171875,359.00390625,367.01171875,325,323.0078125,423.0078125,415,425,424.00390625,390,290,417.01171875,308.0078125,258.0078125,424.00390625,374.00390625,378.0078125,425,229.00390625,344.00390625,319.00390625,360,417.01171875,308.0078125,387.01171875,425,324.00390625,408.0078125,393.0078125,298.0078125,338.0078125,390,375,370,380,390,420,363.0078125,397.01171875,389.00390625,329.00390625,360,368.0078125,303.0078125,365,337.01171875,322.01171875,409.00390625,314.00390625,274.00390625,375,265,397.01171875,270,423.0078125,415,418.0078125,399.00390625,427.01171875,313.0078125,423.0078125,273.0078125,299.00390625,420,307.01171875,309.00390625,329.00390625,408.0078125,305,393.0078125,384.00390625,350,408.0078125,312.01171875,354.00390625,383.0078125,377.01171875,244.00390625,424.00390625,325,227.01171875,382.01171875,370,404.00390625,393.0078125,378.0078125,310,277.01171875,388.0078125,287.01171875,368.0078125",",3,13,10,12,11,14,14,4,6,10,10,12,2,3,1,7,4,11,0,5,2,6,3,3,11,12,14,3,5,7,14,9,11,8,9,3,14,2,13,4,13,12,8,13,9,1,8,11,10,8,1,2,7,5,7,0,2,2,1,12,7,6,10,12,1,3,0,0,6,11,1,11,14,0,5,5,0,14,7,12,5,3,12,6,0,10,3,4,10,8,4,5,9,9,4,1,9,4,4,8,9,9,11,5,8,9,2,8,13,5,13,6,13,1,1,2,6,0,13,0,14,11,1,11,10,7,2,10,6,5,8,3,10,8,4,6,13,0,7,14,9,12,2,6,7,12,14,4,13,7",",0,1,2,3,4,5,6,7,8,9,10,11,12,13,14,15,16,17,18,19,20,21,22,23,24,25,26,27,28,29,30,31,32,33,34,35,36,37,38,39,40,41,42,43,44,45,46,47,48,49,50,51,52,53,54,55,56,57,58,59,60,61,62,63,64,65,66,67,68,69,70,71,72,73,74,75,76,77,78,79,80,81,82,83,84,85,86,87,88,89,90,91,92,93,94,95,96,97,98,99,100,101,102,103,104,105,106,107,108,109,110,111,112,113,114,115,116,117,118,119,120,121,122,123,124,125,126,127,128,129,130,131,132,133,134,135,136,137,138,139,140,141,142,143,144,145,146,147,148,149"
"4",2,8520,143,293,",5780,5902,1619,2037,2897,5137,2981,2597,3565,3661,2479,3788,3177,2731,2822,4799,3367,4113,2836,2134,4762,3818,5331,4176,2791,2315,5418,3529,3837,2451,3266,2257,2751,3443,1742,4317,3126,2377,3479,2900,3681,2845,2434,2679,4630,1321,2849,1912,1676,2260,2419,1794,1814,2215,4255,2357,1350,2710,1746,3102,1843,1971,2092,3288,2784,4714,2313,2094,1824,1123,2780,2992,2303,2183,1377,1224,1308,1643,1764,1763,1762,2027,1551,2260,3638,2843,2624,2219,1126,1080,1731,1480,1906,1540,1685,2553,1787,3389,2687,2062,2627,1613,2628,2434,2029,1503,1269,1898,2467,1540,2246,2015,1798,1244,2291,1877,1827,1346,1828,2160,1688,3175,2557,3638,2782,2181,1095,1822,1213,1665,2091,2855,1371,2218,1364,1957,1182,1905,1015,1481,1114,1223,1349,1136,1546,3046,1382,1387,1213,1571,1646",",103,143,153,153,145,147,141,148,143,151,144,143,143,142,136,141,129,141,140,135,140,141,141,148,147,153,138,141,143,128,136,150,153,140,142,145,143,142,133,143,138,142,139,138,140,143,135,137,142,143,141,153,140,144,126,141,137,144,140,162,142,150,143,144,150,145,141,163,143,143,146,143,151,133,133,138,137,132,137,140,135,143,134,129,142,148,149,142,148,146,142,141,130,136,142,139,142,141,140,141,145,139,136,141,163,153,167,140,150,150,144,146,154,153,142,146,146,143,146,144,139,133,141,130,135,134,141,142,139,138,141,135,152,151,143,146,145,137,140,142,140,142,140,137,129,133,139,146,150,141,143",",310,377,348,275,382,281,326,306,423,268,300,422,412,370,211,412,345,395,384,355,365,389,389,209,232,212,354,390,321,220,290,182,374,228,409,218,396,421,292,175,388,363,390,364,419,402,316,373,403,417,420,345,389,403,260,182,289,412,422,277,404,372,252,406,173,62,95,297,421,413,298,400,270,210,226,343,254,237,346,370,261,343,216,179,417,356,338,340,319,261,421,417,280,357,414,373,412,421,253,417,256,223,354,343,235,250,297,367,342,269,402,251,224,221,385,254,288,274,321,419,363,339,387,275,290,277,390,282,287,354,405,286,319,352,393,319,371,303,344,382,373,344,395,333,294,330,384,390,358,364,326",",7,5,7,12,5,12,9,11,0,13,10,0,1,5,13,3,9,2,4,6,9,4,14,13,13,5,6,5,14,12,14,6,11,1,8,3,0,5,14,2,6,3,4,0,1,7,4,3,0,0,12,2,3,10,14,11,2,0,12,2,6,8,3,11,14,10,10,0,1,9,3,8,13,14,7,14,12,7,5,13,7,8,13,1,6,9,7,8,13,1,1,10,9,1,2,1,0,10,0,8,8,6,2,14,14,13,2,7,11,2,11,12,12,4,13,10,10,8,1,5,9,4,12,11,10,3,11,11,7,2,12,11,6,4,9,5,9,8,4,4,6,3,10,9,8,4,3,6,5,7",",0,1,2,3,4,5,6,7,8,9,10,11,12,13,14,15,16,17,18,19,20,21,22,23,24,25,26,27,28,29,30,31,32,33,34,35,36,37,38,39,40,41,42,43,44,45,46,47,48,49,50,51,52,53,54,55,56,57,58,59,60,61,62,63,64,65,66,67,68,69,70,71,72,73,74,75,76,77,78,79,80,81,82,83,84,85,86,87,88,89,90,91,92,93,94,95,96,97,98,99,100,101,102,103,104,105,106,107,108,109,110,111,112,113,114,115,116,117,118,119,120,121,122,123,124,125,126,127,128,129,130,131,132,133,134,135,136,137,138,139,140,141,142,143,144,145,146,147,148,149"
"5",2,10628,144.5,294,",6956,6314,4127,3493,3339,2571,2266,2886,2690,2302,1850,2110,2474,2393,2580,1584,1434,1095,2878,2136,2068,1549,1669,1093,1168,1933,1679,1426,1339,1183,1191,1417,1169,1394,1054,1750,1412,1552,1059,1489,1365,857,1409,1368,1413,1146,2685,1209,1348,1100,1496,2051,1501,1105,996,972,1432,1973,1391,1180,1730,1341,1686,1926,1378,1431,1372,1271,1023,1083,1384,1067,1175,1053,1040,7442,3497,1504,1650,1334,1598,1913,1280,1500,1730,3367,1520,1048,1671,1022,1194,1456,1147,1448,1471,1338,1838,1161,1115,1731,976,1427,1522,2044,2369,1261,1283,1084,2197,1131,1230,1610,1878,1244,1275,7658,1112,1491,948,1296,1607,1490,1217,1175,1818,2331,1111,1206,1137,1251,1163,874,1061,1214,1356,1879,1894,1646,1414,1535,1490,1258,1202,1665,1469,6768,3445,2310,1530,1551",",151.5,280.5,151.5,276.5,240.5,279.5,237.5,208.5,150.5,166.5,166.5,202.5,206.5,239.5,150.5,201.5,244.5,271.5,173.5,173.5,270.5,209.5,278.5,280.5,275.5,166.5,171.5,279.5,174.5,203.5,240.5,275.5,273.5,243.5,273.5,173.5,241.5,147.5,203.5,243.5,236.5,240.5,273.5,204.5,169.5,167.5,152.5,150.5,173.5,151.5,275.5,152.5,241.5,275.5,276.5,207.5,168.5,149.5,237.5,276.5,150.5,201.5,271.5,148.5,243.5,237.5,149.5,272.5,276.5,241.5,152.5,240.5,273.5,204.5,276.5,147.5,147.5,148.5,147.5,144.5,150.5,152.5,148.5,145.5,139.5,143.5,142.5,144.5,134.5,141.5,140.5,137.5,139.5,143.5,140.5,144.5,144.5,144.5,146.5,144.5,148.5,141.5,145.5,144.5,142.5,145.5,147.5,143.5,143.5,140.5,144.5,143.5,144.5,141.5,147.5,146.5,132.5,140.5,143.5,141.5,144.5,139.5,138.5,142.5,142.5,143.5,146.5,139.5,149.5,151.5,137.5,141.5,144.5,131.5,138.5,135.5,144.5,142.5,142.5,135.5,141.5,143.5,144.5,148.5,143.5,146.5,146.5,141.5,142.5,146.5",",423,422,427,423,425,422,424,421,422,422,423,425,423,422,422,426,422,422,420,425,423,421,420,421,422,422,422,426,418,419,423,430,422,422,422,423,421,421,422,420,423,421,424,422,423,424,422,424,425,426,424,421,425,423,420,421,425,426,421,419,423,422,423,425,425,425,422,423,422,420,422,423,423,422,421,373,323,337,291,282,326,345,330,331,296,416,396,375,333,357,345,287,297,291,296,295,339,337,322,318,338,317,293,303,390,366,320,331,366,352,369,372,391,374,359,353,344,311,327,409,410,408,412,407,321,406,381,330,360,348,274,311,369,292,319,320,391,358,376,318,310,325,354,278,354,301,402,415,418,353",",0,14,0,13,9,14,9,8,1,3,4,7,7,10,1,6,11,13,5,4,12,8,14,14,13,3,5,14,5,7,9,12,12,11,12,5,11,0,6,11,9,10,12,7,4,3,2,1,4,0,13,2,10,13,14,8,3,0,10,14,1,7,12,0,10,9,1,12,13,10,2,11,13,6,13,1,8,3,9,9,4,3,6,6,10,1,2,4,9,5,7,14,8,11,6,8,4,6,8,9,4,11,10,11,2,5,11,8,2,5,5,4,2,5,6,8,7,12,7,0,1,2,2,1,13,1,3,10,7,6,12,8,3,14,13,12,0,3,4,10,11,6,5,14,3,9,0,2,0,7",",0,1,2,3,4,5,6,7,8,9,10,11,12,13,14,15,16,17,18,19,20,21,22,23,24,25,26,27,28,29,30,31,32,33,34,35,36,37,38,39,40,41,42,43,44,45,46,47,48,49,50,51,52,53,54,55,56,57,58,59,60,61,62,63,64,65,66,67,68,69,70,71,72,73,74,75,76,77,78,79,80,81,82,83,84,85,86,87,88,89,90,91,92,93,94,95,96,97,98,99,100,101,102,103,104,105,106,107,108,109,110,111,112,113,114,115,116,117,118,119,120,121,122,123,124,125,126,127,128,129,130,131,132,133,134,135,136,137,138,139,140,141,142,143,144,145,146,147,148,149"
"6",2,4356,140.666687011719,292.133361816406,",2239,3953,2756,3125,1676,2108,1851,2913,1693,4522,3091,3453,3897,4757,3741,2069,5483,3823,2975,3726,5781,2631,4578,4211,3585,2368,1928,1695,1741,2662,1831,1662,1461,2655,3467,4610,2529,1719,1897,3408,3453,4491,3719,2545,5787,3381,3499,6306,5711,5515,4592,1663,2523,4101,3975,5240,3570,3256,3865,4507,2171,2531,4101,4141,5562,3913,4774,5069,3031,5053,4624,3693,2951,2499,2867,3827,4475,3499,2335,2906,2819,5061,3539,6880,5367,4610,5063,2069,2835,1749,1483,1328,1591,2639,1413,1935,1654,2758,2101,1984,2421,1687,1662,1867,3429,2647,1466,1475,2788,2606,3195,2569,5171,1781,2039,3445,3843,2155,1561,1599,2881,3047,5249,2555,2617,2875,2514,2546,2007,3194,4642,2763,1961,3986,2242,1977,2848,3724,4624,3100,2654,3180,3318,3789,2953,2084,4843,3063,1461,4579",",149.16668701171875,143.16668701171875,146.16668701171875,142.16668701171875,153.66668701171875,145.16668701171875,149.16668701171875,141.16668701171875,147.16668701171875,143.16668701171875,147.16668701171875,146.16668701171875,150.16668701171875,143.16668701171875,142.16668701171875,146.16668701171875,148.16668701171875,144.16668701171875,144.16668701171875,144.16668701171875,148.16668701171875,145.16668701171875,142.16668701171875,150.16668701171875,142.16668701171875,142.16668701171875,143.16668701171875,145.16668701171875,144.16668701171875,142.16668701171875,143.16668701171875,142.16668701171875,146.16668701171875,145.16668701171875,149.16668701171875,140.66668701171875,146.16668701171875,144.16668701171875,143.16668701171875,142.16668701171875,147.16668701171875,150.16668701171875,142.16668701171875,143.16668701171875,153.66668701171875,143.16668701171875,142.16668701171875,147.16668701171875,142.16668701171875,153.66668701171875,149.16668701171875,142.16668701171875,142.16668701171875,144.16668701171875,147.16668701171875,143.16668701171875,141.16668701171875,142.16668701171875,149.16668701171875,145.16668701171875,142.16668701171875,145.16668701171875,144.16668701171875,145.16668701171875,146.16668701171875,146.16668701171875,143.16668701171875,144.16668701171875,142.16668701171875,139.66668701171875,144.16668701171875,139.66668701171875,143.16668701171875,142.16668701171875,139.66668701171875,142.16668701171875,146.16668701171875,144.16668701171875,143.16668701171875,149.16668701171875,142.16668701171875,149.16668701171875,147.16668701171875,143.16668701171875,142.16668701171875,145.16668701171875,153.66668701171875,141.16668701171875,144.16668701171875,139.66668701171875,145.16668701171875,142.16668701171875,141.16668701171875,141.16668701171875,144.16668701171875,143.16668701171875,142.16668701171875,145.16668701171875,144.16668701171875,144.16668701171875,154.66668701171875,141.16668701171875,142.16668701171875,142.16668701171875,142.16668701171875,142.16668701171875,142.16668701171875,141.16668701171875,148.16668701171875,142.16668701171875,153.66668701171875,145.16668701171875,145.16668701171875,143.16668701171875,143.16668701171875,143.16668701171875,153.66668701171875,150.16668701171875,149.16668701171875,145.16668701171875,148.16668701171875,146.16668701171875,144.16668701171875,146.16668701171875,148.16668701171875,143.16668701171875,146.16668701171875,144.16668701171875,145.16668701171875,145.16668701171875,141.16668701171875,144.16668701171875,143.16668701171875,147.16668701171875,143.16668701171875,146.16668701171875,149.16668701171875,150.16668701171875,145.16668701171875,147.16668701171875,139.66668701171875,148.16668701171875,144.16668701171875,141.16668701171875,141.16668701171875,142.16668701171875,145.16668701171875,147.16668701171875,143.16668701171875,142.16668701171875",",315.5666961669922,411.5666961669922,340.0666961669922,423.5666961669922,236.56668090820312,294.0666961669922,250.56666564941406,421.0666961669922,282.5666961669922,400.0666961669922,285.0666961669922,288.0666961669922,221.06668090820312,387.0666961669922,274.06666564941406,268.56666564941406,371.0666961669922,384.0666961669922,345.5666961669922,291.0666961669922,247.56666564941406,402.0666961669922,385.0666961669922,330.5666961669922,422.0666961669922,412.5666961669922,380.5666961669922,349.0666961669922,369.0666961669922,367.0666961669922,410.5666961669922,412.5666961669922,399.0666961669922,290.0666961669922,395.5666961669922,325.0666961669922,349.0666961669922,307.0666961669922,303.0666961669922,369.0666961669922,199.56668090820312,271.06666564941406,373.0666961669922,420.0666961669922,143.06668090820312,406.0666961669922,406.0666961669922,356.0666961669922,407.5666961669922,334.0666961669922,365.0666961669922,418.0666961669922,423.5666961669922,240.06666564941406,349.0666961669922,379.5666961669922,385.0666961669922,405.0666961669922,196.06668090820312,378.5666961669922,422.0666961669922,316.5666961669922,210.06668090820312,255.06666564941406,238.06666564941406,384.0666961669922,309.0666961669922,182.06668090820312,389.0666961669922,304.0666961669922,384.0666961669922,388.0666961669922,281.5666961669922,319.0666961669922,273.06666564941406,415.0666961669922,189.06668090820312,407.5666961669922,404.0666961669922,357.0666961669922,382.0666961669922,195.06668090820312,354.0666961669922,269.06666564941406,323.0666961669922,180.06668090820312,369.0666961669922,364.5666961669922,305.0666961669922,321.0666961669922,354.0666961669922,418.0666961669922,287.0666961669922,247.56666564941406,405.0666961669922,335.0666961669922,222.06668090820312,243.06666564941406,339.0666961669922,371.0666961669922,247.56666564941406,242.06666564941406,416.0666961669922,415.0666961669922,387.0666961669922,403.0666961669922,391.5666961669922,279.5666961669922,370.0666961669922,213.06668090820312,370.0666961669922,394.5666961669922,295.5666961669922,386.0666961669922,415.0666961669922,415.0666961669922,273.06666564941406,292.0666961669922,357.0666961669922,357.0666961669922,370.0666961669922,389.0666961669922,316.5666961669922,335.0666961669922,359.5666961669922,420.0666961669922,284.5666961669922,214.06668090820312,343.5666961669922,220.56668090820312,350.0666961669922,316.5666961669922,378.5666961669922,374.0666961669922,397.0666961669922,391.5666961669922,381.0666961669922,191.06668090820312,237.06668090820312,308.0666961669922,322.0666961669922,351.0666961669922,390.0666961669922,407.5666961669922,229.06668090820312,420.0666961669922,189.06668090820312,387.0666961669922,421.0666961669922,400.0666961669922",",11,0,7,0,14,8,13,0,10,3,8,10,11,4,10,10,9,4,7,5,13,3,2,7,0,1,2,5,4,2,1,1,3,8,6,5,7,5,10,12,11,13,6,0,14,3,3,9,3,12,9,1,0,10,9,4,2,3,13,6,0,7,13,13,13,6,7,11,6,5,4,2,8,5,8,1,11,3,3,12,2,14,12,8,5,14,12,4,10,5,12,1,8,8,3,7,14,11,7,9,14,14,1,1,4,2,4,8,9,11,12,6,8,4,1,1,13,13,12,12,9,6,5,10,9,0,10,14,7,11,5,13,4,9,2,6,9,14,11,10,7,12,6,2,14,0,11,6,0,2",",0,1,2,3,4,5,6,7,8,9,10,11,12,13,14,15,16,17,18,19,20,21,22,23,24,25,26,27,28,29,30,31,32,33,34,35,36,37,38,39,40,41,42,43,44,45,46,47,48,49,50,51,52,53,54,55,56,57,58,59,60,61,62,63,64,65,66,67,68,69,70,71,72,73,74,75,76,77,78,79,80,81,82,83,84,85,86,87,88,89,90,91,92,93,94,95,96,97,98,99,100,101,102,103,104,105,106,107,108,109,110,111,112,113,114,115,116,117,118,119,120,121,122,123,124,125,126,127,128,129,130,131,132,133,134,135,136,137,138,139,140,141,142,143,144,145,146,147,148,149"
"7",2,12392,143.5,294,",3884,3478,3469,2965,2273,2709,2245,1908,2090,3269,21921,1754,5087,2627,1428,2347,1839,1899,1750,1019,2959,1755,2733,1412,1727,1740,1757,12467,1828,2504,2322,6417,3246,1410,1516,3793,1268,4554,2183,2928,2766,2838,1844,1072,1835,2321,1461,1166,2523,1855,1218,3562,2215,2758,1335,2387,2484,2378,1856,2543,2467,2647,1714,1146,2334,2093,1364,1699,1773,1295,1410,1459,1384,1905,13009,1320,807,1282,1450,2185,1809,1993,2765,1693,1749,1710,1581,1640,1282,3825,1389,1716,1593,1678,2764,3239,1926,4210,1212,1851,1196,1487,1275,2380,1630,4279,3661,1844,1514,1242,927,1338,1573,3242,896,1687,1247,2618,3198,1587,2720,16557,1616,990,1889,3000,4721,2945,1021,1036,927,1298,3020,914,1934,1146,914,1459,1583,939,1450,768,866,1790,4505,3613,1750,1510,2147,1706",",138.5,146.5,153.5,153.5,148.5,143.5,145.5,151.5,143.5,148.5,143.5,148.5,143.5,145.5,145.5,143.5,143.5,145.5,143.5,143.5,148.5,143.5,153.5,153.5,143.5,138.5,146.5,145.5,143.5,143.5,150.5,155.5,143.5,146.5,143.5,143.5,151.5,151.5,151.5,153.5,145.5,143.5,145.5,146.5,143.5,143.5,148.5,146.5,148.5,143.5,143.5,141.5,148.5,143.5,150.5,158.5,148.5,148.5,148.5,148.5,148.5,158.5,143.5,148.5,143.5,143.5,146.5,143.5,143.5,138.5,143.5,143.5,138.5,148.5,146.5,145.5,158.5,160.5,148.5,148.5,143.5,150.5,141.5,148.5,143.5,143.5,143.5,143.5,146.5,143.5,143.5,143.5,148.5,145.5,146.5,146.5,150.5,150.5,148.5,143.5,148.5,145.5,145.5,143.5,143.5,140.5,153.5,143.5,153.5,135.5,143.5,153.5,155.5,146.5,153.5,143.5,140.5,143.5,138.5,136.5,130.5,145.5,146.5,141.5,146.5,150.5,151.5,141.5,145.5,148.5,148.5,153.5,141.5,138.5,145.5,145.5,148.5,148.5,143.5,138.5,146.5,138.5,146.5,143.5,143.5,143.5,151.5,148.5,143.5,148.5",",341,384,379,344,388,376,389,364,421,396,418,391,419,401,416,426,404,406,418,428,389,421,386,399,426,379,386,406,416,379,341,284,408,369,386,383,349,326,311,381,336,413,341,361,416,394,354,334,316,413,413,426,369,354,361,296,376,353,334,331,316,349,376,369,423,359,341,384,414,374,416,399,399,379,386,391,384,341,396,383,406,316,339,319,403,398,426,419,369,426,416,399,341,339,411,401,369,362,352,419,339,399,369,407,369,312,349,421,419,349,374,367,347,399,364,419,409,414,334,384,369,354,404,390,392,342,385,412,395,402,392,375,427,412,417,380,385,387,409,395,417,407,410,424,427,410,387,412,407,400",",14,6,9,14,8,8,14,10,3,7,4,10,4,7,4,0,5,8,3,1,6,0,11,11,0,13,10,3,1,7,8,11,2,7,5,9,9,12,13,9,13,2,11,9,1,3,13,12,12,2,2,0,10,13,10,13,9,12,11,10,12,11,8,7,0,9,10,5,1,9,2,6,8,10,6,6,6,14,5,6,3,14,14,14,4,4,0,1,7,0,2,4,13,13,5,4,12,8,7,1,12,4,8,3,9,14,10,1,1,11,7,7,8,9,11,1,4,2,11,13,14,13,3,8,12,14,6,2,6,5,6,11,0,5,1,7,5,12,2,10,3,5,4,0,0,2,12,3,3,5",",0,1,2,3,4,5,6,7,8,9,10,11,12,13,14,15,16,17,18,19,20,21,22,23,24,25,26,27,28,29,30,31,32,33,34,35,36,37,38,39,40,41,42,43,44,45,46,47,48,49,50,51,52,53,54,55,56,57,58,59,60,61,62,63,64,65,66,67,68,69,70,71,72,73,74,75,76,77,78,79,80,81,82,83,84,85,86,87,88,89,90,91,92,93,94,95,96,97,98,99,100,101,102,103,104,105,106,107,108,109,110,111,112,113,114,115,116,117,118,119,120,121,122,123,124,125,126,127,128,129,130,131,132,133,134,135,136,137,138,139,140,141,142,143,144,145,146,147,148,149"
"8",2,5075,143.494262695312,292.911933898926,",3896,3617,3187,2654,2772,4145,4395,2640,4314,2348,1828,2373,1860,1292,4642,8043,5060,2457,3014,2014,3983,2590,1861,2436,1702,1651,4797,2056,2982,1754,2329,1947,2397,1644,1813,1576,1981,1842,1656,1738,1120,4069,1106,2700,1847,1589,1572,1737,1613,1198,1454,1588,1631,1082,2196,1187,3621,1699,1082,1167,1275,1447,1147,948,1100,1675,1435,1672,1828,2056,1147,1404,1461,2196,1148,9141,4482,2107,1508,1483,1870,1503,1027,1865,1523,1224,1486,3821,1393,1416,1712,3043,1223,1825,1663,1263,1542,1215,1279,955,1440,1203,1812,3502,1741,1487,1669,2208,1631,2018,2575,1342,2877,1568,1076,1174,917,1325,2482,1319,1073,1083,1725,1325,2100,1689,1163,964,1144,1130,1971,2587,1378,1352,6844,1578,2179,2426,2043,2350,2019,1977,3417,1670,18981,1265,1376,1607,1408,1352",",139.48858642578125,142.5,140.49713134765625,142.5,151.491455078125,145.49713134765625,142.5,154.48858642578125,141.491455078125,142.5,141.491455078125,146.491455078125,146.491455078125,151.491455078125,142.5,141.491455078125,145.49713134765625,142.5,145.49713134765625,148.4942626953125,140.49713134765625,151.491455078125,150.49713134765625,143.4942626953125,146.491455078125,149.48858642578125,142.5,142.5,148.4942626953125,143.4942626953125,150.49713134765625,152.49993896484375,141.491455078125,142.5,142.5,141.491455078125,142.5,141.491455078125,143.4942626953125,140.49713134765625,141.491455078125,143.4942626953125,139.48858642578125,141.491455078125,140.49713134765625,134.48858642578125,149.48858642578125,138.4942626953125,148.4942626953125,146.491455078125,173.4942626953125,142.5,139.48858642578125,145.49713134765625,138.4942626953125,139.48858642578125,149.48858642578125,142.5,141.491455078125,147.5,151.491455078125,138.4942626953125,146.491455078125,127.5,145.49713134765625,144.48858642578125,139.48858642578125,142.5,135.49713134765625,142.5,136.491455078125,137.5,135.49713134765625,152.49993896484375,163.4942626953125,142.5,144.48858642578125,142.5,146.491455078125,142.5,152.49993896484375,146.491455078125,142.5,142.5,145.49713134765625,145.49713134765625,146.491455078125,142.5,139.48858642578125,141.491455078125,147.5,141.491455078125,141.491455078125,140.49713134765625,149.48858642578125,150.49713134765625,151.491455078125,162.49993896484375,143.4942626953125,142.5,144.48858642578125,140.49713134765625,151.491455078125,142.5,146.491455078125,155.49713134765625,142.5,141.491455078125,151.491455078125,163.4942626953125,141.491455078125,147.5,158.4942626953125,154.48858642578125,154.48858642578125,142.5,143.4942626953125,147.5,155.49713134765625,148.4942626953125,146.491455078125,158.4942626953125,145.49713134765625,163.4942626953125,142.5,149.48858642578125,151.491455078125,140.49713134765625,142.5,145.49713134765625,139.48858642578125,136.491455078125,142.5,152.49993896484375,142.5,145.49713134765625,139.48858642578125,134.48858642578125,143.4942626953125,142.5,142.5,147.5,141.491455078125,151.491455078125,139.48858642578125,151.491455078125,146.491455078125,143.4942626953125,142.5,131.491455078125",",321.44884300231934,333.45168113708496,355.4545192718506,419.4460048675537,153.45169639587402,387.45738792419434,395.4545192718506,123.45169639587402,408.45168113708496,411.44884300231934,403.45168113708496,270.4545497894287,338.45168113708496,366.44884300231934,397.45738792419434,411.44884300231934,363.45168113708496,411.44884300231934,353.45168113708496,282.45738792419434,420.4545192718506,287.45738792419434,267.45738792419434,293.45168113708496,199.44602012634277,248.4517116546631,385.4545192718506,391.44884300231934,339.4460048675537,397.45738792419434,184.44602012634277,291.44884300231934,408.45168113708496,347.45738792419434,413.45168113708496,357.45738792419434,369.4460048675537,295.4545497894287,266.44884300231934,318.45168113708496,323.45168113708496,240.4545497894287,227.45737266540527,310.4545497894287,252.45738792419434,237.45737266540527,247.45738792419434,327.45738792419434,220.45453453063965,249.4460048675537,267.45738792419434,377.45738792419434,368.45168113708496,308.45168113708496,398.45168113708496,361.44884300231934,284.4460048675537,287.45738792419434,309.4460048675537,312.45738792419434,312.45738792419434,317.45738792419434,325.4545497894287,333.45168113708496,308.45168113708496,377.45738792419434,409.4460048675537,416.44884300231934,289.4460048675537,395.4545192718506,289.4460048675537,169.44602012634277,173.45169639587402,257.45738792419434,210.45453453063965,249.4460048675537,355.4545192718506,388.45168113708496,385.4545192718506,377.45738792419434,304.4460048675537,329.4460048675537,290.4545497894287,360.4545192718506,351.44884300231934,270.4545497894287,278.45168113708496,360.4545192718506,373.45168113708496,344.4460048675537,260.4545497894287,410.4545192718506,410.4545192718506,388.45168113708496,328.45168113708496,315.4545497894287,213.45169639587402,280.4545497894287,337.45738792419434,314.4460048675537,347.45738792419434,267.45738792419434,257.45738792419434,316.44884300231934,279.4460048675537,259.4460048675537,222.45737266540527,340.4545192718506,281.44884300231934,246.44884300231934,415.4545192718506,243.4517116546631,216.4488582611084,275.4545497894287,278.45168113708496,317.45738792419434,339.4460048675537,248.4517116546631,252.45738792419434,216.4488582611084,237.45737266540527,236.4488582611084,367.45738792419434,282.45738792419434,324.4460048675537,287.45738792419434,263.45168113708496,265.4545497894287,273.45168113708496,281.44884300231934,334.4460048675537,386.44884300231934,318.45168113708496,312.45738792419434,417.4573574066162,259.4460048675537,386.44884300231934,263.45168113708496,423.45168113708496,396.44884300231934,418.45168113708496,338.45168113708496,401.44884300231934,346.44884300231934,404.4460048675537,292.45738792419434,361.44884300231934,339.4460048675537,399.4460048675537,253.4517116546631",",0,0,4,0,14,4,3,13,2,1,2,10,7,6,3,1,9,2,6,12,0,11,9,5,14,8,2,2,7,2,14,9,1,6,0,5,3,8,10,5,6,13,14,5,11,12,10,5,14,12,13,4,6,13,1,6,12,11,7,9,6,6,7,6,8,4,0,0,10,1,8,12,14,10,14,11,4,1,3,4,9,4,9,3,4,10,8,3,1,5,11,2,0,2,7,7,14,11,5,8,5,11,6,5,8,10,9,4,9,13,1,13,13,10,10,8,3,13,11,12,13,12,4,14,8,11,12,11,7,10,8,3,7,9,0,13,3,12,0,3,1,7,2,7,2,12,5,9,1,14",",0,1,2,3,4,5,6,7,8,9,10,11,12,13,14,15,16,17,18,19,20,21,22,23,24,25,26,27,28,29,30,31,32,33,34,35,36,37,38,39,40,41,42,43,44,45,46,47,48,49,50,51,52,53,54,55,56,57,58,59,60,61,62,63,64,65,66,67,68,69,70,71,72,73,74,75,76,77,78,79,80,81,82,83,84,85,86,87,88,89,90,91,92,93,94,95,96,97,98,99,100,101,102,103,104,105,106,107,108,109,110,111,112,113,114,115,116,117,118,119,120,121,122,123,124,125,126,127,128,129,130,131,132,133,134,135,136,137,138,139,140,141,142,143,144,145,146,147,148,149"
"9",2,14502,142,295,",8583,6535,5537,6455,8671,6295,7015,5006,2567,11041,5487,5344,5278,6223,3927,8473,2607,4415,7680,3902,11568,4918,6416,4415,4312,3687,3087,3072,4463,3815,5783,4287,3464,3207,3704,2585,4983,4598,4777,3576,4735,3448,4198,2383,3439,1912,3504,3967,9887,2582,8647,3238,4159,3776,6209,4303,3417,4656,2335,2008,3288,3718,3071,4127,4950,2998,2152,7183,3231,3407,3127,3751,2511,12127,3896,2336,2055,2144,1816,2552,2151,3680,7376,5895,2008,4264,3255,2479,4328,3407,9631,2711,1991,2071,1560,2864,1802,1616,3192,2943,2391,3273,3615,5975,2937,1992,2535,2983,1671,2712,1808,3710,3087,1887,1824,2302,2390,3031,2351,2977,3039,2136,2806,1871,2457,4975,2552,2319,20303,1608,2695,2751,1896,2168,2016,2135,1886,2207,1670,1518,1392,1639,1631,1566,2143,1999,3169,2616,1840,1870",",141,136,133,134,142,130,141,142,142,141,122,140,140,143,142,141,141,143,141,135,129,124,137,134,143,137,134,141,131,134,135,137,142,143,144,141,133,137,141,134,144,155,149,143,143,139,134,143,140,140,142,142,141,139,142,144,143,143,137,140,138,144,132,140,143,142,140,142,143,147,145,145,146,143,143,143,139,138,142,139,140,147,145,141,142,139,141,143,147,143,139,145,136,138,143,140,140,137,144,141,135,138,149,148,143,137,152,143,141,141,139,140,142,141,143,138,140,139,137,134,149,136,138,140,143,140,144,139,143,142,142,143,142,154,142,134,140,140,145,153,140,143,134,155,141,140,143,146,142,141",",414,292,281,341,386,255,382,376,412,421,74,350,311,400,420,417,361,426,395,306,114,74,403,107,428,197,198,359,150,156,340,186,411,365,413,398,199,379,157,144,405,399,405,425,408,393,300,401,394,356,419,420,344,337,421,415,365,425,286,375,391,155,140,186,363,420,360,421,426,355,410,404,404,410,410,406,395,366,427,303,371,386,378,414,418,301,420,321,308,327,304,306,264,407,425,409,414,350,407,411,253,226,384,393,427,315,409,428,414,408,362,342,420,420,393,349,357,383,409,171,412,291,365,419,402,402,319,244,394,383,411,273,425,411,252,231,394,409,396,404,413,415,317,293,293,418,411,332,338,317",",2,9,11,10,9,13,5,5,2,1,14,10,8,4,1,3,5,0,12,10,14,14,12,14,0,8,8,7,11,8,8,11,2,5,6,4,14,7,14,14,6,9,6,0,2,4,10,9,4,5,3,1,5,10,1,6,10,0,13,4,12,14,11,11,5,3,7,1,0,7,6,9,9,2,2,2,4,7,0,8,5,12,12,3,1,13,1,8,13,13,10,10,11,6,0,9,3,7,12,2,13,11,12,9,0,7,9,0,1,2,5,10,1,3,4,7,7,4,6,14,6,8,7,3,4,12,8,11,6,5,3,13,0,12,14,11,4,2,12,9,3,1,10,13,13,3,6,13,8,11",",0,1,2,3,4,5,6,7,8,9,10,11,12,13,14,15,16,17,18,19,20,21,22,23,24,25,26,27,28,29,30,31,32,33,34,35,36,37,38,39,40,41,42,43,44,45,46,47,48,49,50,51,52,53,54,55,56,57,58,59,60,61,62,63,64,65,66,67,68,69,70,71,72,73,74,75,76,77,78,79,80,81,82,83,84,85,86,87,88,89,90,91,92,93,94,95,96,97,98,99,100,101,102,103,104,105,106,107,108,109,110,111,112,113,114,115,116,117,118,119,120,121,122,123,124,125,126,127,128,129,130,131,132,133,134,135,136,137,138,139,140,141,142,143,144,145,146,147,148,149"
"10",2,4664,142.5,295,",8141,3840,3522,2563,7097,4351,25288,1520,1294,1547,1775,1139,1480,1426,1000,1182,950,758,1043,824,2377,981,835,1048,635,1061,1561,949,670,825,819,1141,906,33628,1002,1005,870,621,714,675,1332,704,1592,19655,946,718,662,716,1005,644,723,599,1093,504,922,753,639,804,646,639,611,655,687,525,620,876,743,1002,752,1195,1256,892,1060,991,763,1232,1207,1103,946,1056,1201,909,582,612,568,633,541,649,578,432,1058,751,694,518,710,717,613,1291,601,626,647,588,534,572,3033,601,562,683,653,673,668,853,648,666,719,733,856,924,611,763,1225,749,1010,1056,724,749,908,637,979,884,769,1039,579,721,797,908,1058,1033,3812,1131,782,990,753,959,934,872,748,627,1226,1450",",135.5,136.5,132.5,142.5,120.5,132.5,144.5,120.5,139.5,145.5,144.5,130.5,141.5,136.5,147.5,142.5,137.5,140.5,124.5,144.5,147.5,140.5,140.5,140.5,141.5,141.5,148.5,137.5,152.5,127.5,139.5,144.5,151.5,140.5,125.5,140.5,143.5,143.5,133.5,143.5,141.5,165.5,150.5,138.5,148.5,151.5,140.5,135.5,139.5,127.5,147.5,137.5,141.5,140.5,140.5,149.5,142.5,146.5,140.5,136.5,115.5,137.5,144.5,139.5,128.5,136.5,122.5,136.5,178.5,141.5,140.5,144.5,127.5,143.5,133.5,142.5,140.5,145.5,143.5,152.5,142.5,133.5,144.5,145.5,151.5,144.5,146.5,139.5,151.5,140.5,135.5,148.5,127.5,160.5,151.5,146.5,143.5,140.5,148.5,146.5,144.5,140.5,140.5,148.5,139.5,152.5,156.5,151.5,140.5,128.5,182.5,146.5,149.5,135.5,148.5,144.5,144.5,143.5,164.5,141.5,144.5,136.5,137.5,144.5,136.5,153.5,151.5,157.5,145.5,144.5,148.5,157.5,144.5,136.5,143.5,166.5,144.5,150.5,139.5,148.5,145.5,143.5,151.5,148.5,147.5,153.5,149.5,172.5,156.5,137.5",",15,11,11,12,108,13,417,158,401,407,420,178,428,121,368,424,262,384,324,360,378,345,339,402,401,427,388,400,389,356,344,310,344,394,330,408,401,396,348,400,235,337,279,415,413,392,412,331,424,354,408,400,352,378,405,416,378,397,361,384,352,333,386,380,345,342,359,332,380,400,426,431,379,381,376,415,425,425,364,384,425,375,404,380,404,409,408,414,391,397,390,405,385,402,361,400,392,388,382,416,397,374,379,365,398,401,396,399,424,391,367,395,416,376,386,367,411,393,400,407,420,412,358,424,386,331,420,364,280,416,308,416,380,364,381,360,318,281,408,297,355,312,346,394,404,362,399,357,368,406",",8,2,6,1,13,0,1,14,3,2,3,11,0,13,4,1,14,3,11,5,12,8,7,4,4,0,12,2,7,8,8,10,13,9,11,3,2,2,10,7,14,8,13,2,1,6,6,14,0,10,3,10,5,9,12,3,14,2,13,8,11,12,7,7,9,13,5,14,14,9,0,0,5,13,4,9,0,0,2,12,0,7,7,12,6,1,5,4,9,14,11,2,8,5,5,3,13,4,6,6,5,8,8,10,9,10,7,1,1,8,11,4,6,13,5,11,3,9,9,4,1,6,10,0,10,14,9,14,13,2,11,12,6,12,7,11,10,12,3,10,5,4,7,1,3,12,1,11,6,4",",0,1,2,3,4,5,6,7,8,9,10,11,12,13,14,15,16,17,18,19,20,21,22,23,24,25,26,27,28,29,30,31,32,33,34,35,36,37,38,39,40,41,42,43,44,45,46,47,48,49,50,51,52,53,54,55,56,57,58,59,60,61,62,63,64,65,66,67,68,69,70,71,72,73,74,75,76,77,78,79,80,81,82,83,84,85,86,87,88,89,90,91,92,93,94,95,96,97,98,99,100,101,102,103,104,105,106,107,108,109,110,111,112,113,114,115,116,117,118,119,120,121,122,123,124,125,126,127,128,129,130,131,132,133,134,135,136,137,138,139,140,141,142,143,144,145,146,147,148,149"
"11",2,7957,142.5,296,",3847,3303,4804,4257,2335,3535,2326,1601,1397,2574,1563,2055,1371,1549,3911,1679,2348,1863,1697,2262,2333,1323,1613,2215,2611,1961,2789,1629,1879,2836,1151,1099,1507,1845,1209,975,1325,2358,1848,1619,2123,1303,2559,1757,1710,2043,1770,1183,1768,1261,1367,1965,1491,1414,1521,2631,2521,2163,1703,1734,1132,1077,1163,1550,1373,1441,1746,1276,1131,2514,1776,2717,1307,1741,2147,1719,5405,1588,1849,1268,1179,1373,1525,1295,1574,1131,1789,1417,1809,1613,1400,1251,2859,1475,1814,2003,1402,1808,1088,1312,1880,1608,1078,1499,1484,2400,1417,1409,1270,2254,1586,1588,1288,1546,1796,1272,1411,1237,1458,1046,2532,1165,1222,1433,1651,1260,1557,1862,1092,1508,1284,1573,1811,1284,1268,1189,1214,1415,2193,1305,1420,1174,1090,2154,1232,1910,1423,1511,1801,1754",",132.5,134.5,131.5,132.5,148.5,136.5,140.5,141.5,142.5,141.5,141.5,137.5,139.5,141.5,144.5,137.5,138.5,137.5,141.5,146.5,142.5,142.5,144.5,141.5,144.5,140.5,141.5,142.5,138.5,130.5,120.5,140.5,138.5,137.5,137.5,142.5,129.5,144.5,144.5,142.5,137.5,138.5,142.5,114.5,142.5,133.5,140.5,140.5,136.5,124.5,145.5,144.5,137.5,136.5,140.5,135.5,146.5,142.5,141.5,136.5,137.5,135.5,133.5,145.5,130.5,142.5,136.5,148.5,142.5,122.5,121.5,141.5,142.5,120.5,144.5,128.5,142.5,133.5,129.5,131.5,139.5,141.5,148.5,124.5,140.5,141.5,142.5,129.5,143.5,140.5,132.5,140.5,145.5,134.5,132.5,144.5,120.5,147.5,153.5,152.5,139.5,106.5,138.5,142.5,128.5,142.5,137.5,138.5,135.5,143.5,143.5,129.5,147.5,128.5,132.5,138.5,142.5,144.5,138.5,136.5,156.5,136.5,134.5,146.5,135.5,151.5,124.5,144.5,128.5,134.5,124.5,140.5,126.5,139.5,133.5,152.5,151.5,152.5,130.5,144.5,136.5,137.5,144.5,133.5,140.5,119.5,148.5,140.5,144.5,117.5",",265,264,250,331,336,388,368,332,281,288,342,372,386,337,421,360,358,375,337,321,411,429,385,354,419,376,420,379,300,239,332,334,276,384,292,340,272,404,422,282,312,338,422,204,420,252,412,412,251,233,393,406,368,367,382,258,384,404,360,332,409,380,344,395,360,304,320,409,407,261,291,410,430,252,415,240,420,280,288,312,334,428,200,309,300,329,424,299,378,365,308,420,424,319,234,421,241,349,340,422,317,255,392,425,344,416,286,386,288,420,417,334,421,316,324,292,256,395,355,390,276,355,361,284,294,394,275,430,344,364,271,338,312,324,264,286,332,320,248,353,270,308,320,250,402,276,402,265,422,244",",12,13,13,6,7,3,5,7,10,11,6,4,4,7,0,6,14,4,8,9,2,0,5,6,1,5,1,5,11,13,7,8,9,4,10,6,11,3,1,9,10,7,0,13,1,12,2,3,11,13,4,2,5,5,4,12,3,2,6,7,3,5,8,3,4,10,9,2,2,14,11,2,0,13,1,14,0,9,10,9,7,0,14,8,11,9,0,9,5,5,9,2,0,11,12,1,12,8,7,0,10,14,4,1,6,2,10,5,10,1,2,8,1,10,11,11,12,4,7,4,13,3,8,13,14,3,13,1,8,7,12,6,11,9,13,12,8,8,14,6,14,10,6,14,3,14,3,12,0,12",",0,1,2,3,4,5,6,7,8,9,10,11,12,13,14,15,16,17,18,19,20,21,22,23,24,25,26,27,28,29,30,31,32,33,34,35,36,37,38,39,40,41,42,43,44,45,46,47,48,49,50,51,52,53,54,55,56,57,58,59,60,61,62,63,64,65,66,67,68,69,70,71,72,73,74,75,76,77,78,79,80,81,82,83,84,85,86,87,88,89,90,91,92,93,94,95,96,97,98,99,100,101,102,103,104,105,106,107,108,109,110,111,112,113,114,115,116,117,118,119,120,121,122,123,124,125,126,127,128,129,130,131,132,133,134,135,136,137,138,139,140,141,142,143,144,145,146,147,148,149"
"12",2,44128,142.299987792969,293,",7522,6382,17599,10509,9489,4556,4175,3830,6570,3640,7757,8396,3647,3592,6962,15910,6276,6794,9263,7287,5575,2715,3308,6016,3982,7605,30019,7774,7359,5622,3568,5363,4842,3890,9920,6434,5220,5985,3007,7427,6340,3846,5624,2811,4313,5627,3082,4172,4619,3798,4835,7773,9546,5074,9835,12335,5694,2628,5958,7057,2286,2552,7613,7533,8662,3687,4069,3495,3759,5487,4617,3440,5065,2150,2416,6431,10627,13190,5634,2095,5739,3400,4786,4707,4046,4732,3854,3464,4149,2851,4945,4117,2110,2082,2524,1392,2277,1942,2360,1751,2126,2138,1728,2079,4511,1990,1645,1513,2734,2097,2571,2326,1891,2126,1871,1492,2493,1934,1816,1593,2609,1647,1687,1313,1323,1330,914,1369,1513,1608,1226,1441,1450,1569,1927,1215,1521,2081,1362,2203,2085,1544,2584,4094,2301,2098,2436,1991,2266,9309",",141.29998779296875,143.29998779296875,145.29998779296875,144.29998779296875,146.29998779296875,147.29998779296875,148.29998779296875,143.29998779296875,142.29998779296875,142.29998779296875,141.29998779296875,142.29998779296875,146.29998779296875,143.29998779296875,146.29998779296875,142.29998779296875,144.29998779296875,141.29998779296875,144.29998779296875,142.29998779296875,143.29998779296875,142.29998779296875,145.29998779296875,138.29998779296875,145.29998779296875,140.29998779296875,153.29998779296875,156.29998779296875,133.29998779296875,137.29998779296875,141.29998779296875,140.29998779296875,140.29998779296875,140.29998779296875,145.29998779296875,137.29998779296875,145.29998779296875,141.29998779296875,141.29998779296875,142.29998779296875,142.29998779296875,144.29998779296875,144.29998779296875,144.29998779296875,144.29998779296875,141.29998779296875,141.29998779296875,143.29998779296875,141.29998779296875,144.29998779296875,145.29998779296875,142.29998779296875,145.29998779296875,140.29998779296875,142.29998779296875,148.29998779296875,139.29998779296875,141.29998779296875,141.29998779296875,144.29998779296875,142.29998779296875,141.29998779296875,146.29998779296875,147.29998779296875,140.29998779296875,140.29998779296875,141.29998779296875,141.29998779296875,141.29998779296875,133.29998779296875,139.29998779296875,145.29998779296875,145.29998779296875,141.29998779296875,142.29998779296875,140.29998779296875,138.29998779296875,150.29998779296875,146.29998779296875,143.29998779296875,143.29998779296875,141.29998779296875,145.29998779296875,139.29998779296875,122.29998779296875,141.29998779296875,138.29998779296875,141.29998779296875,141.29998779296875,137.29998779296875,142.29998779296875,140.29998779296875,141.29998779296875,142.29998779296875,145.29998779296875,144.29998779296875,142.29998779296875,143.29998779296875,142.29998779296875,141.29998779296875,144.29998779296875,142.29998779296875,148.29998779296875,142.29998779296875,144.29998779296875,141.29998779296875,140.29998779296875,145.29998779296875,133.29998779296875,139.29998779296875,134.29998779296875,141.29998779296875,146.29998779296875,149.29998779296875,140.29998779296875,137.29998779296875,143.29998779296875,142.29998779296875,144.29998779296875,133.29998779296875,137.29998779296875,140.29998779296875,142.29998779296875,144.29998779296875,147.29998779296875,145.29998779296875,145.29998779296875,142.29998779296875,141.29998779296875,141.29998779296875,144.29998779296875,141.29998779296875,140.29998779296875,151.29998779296875,145.29998779296875,147.29998779296875,141.29998779296875,141.29998779296875,137.29998779296875,136.29998779296875,133.29998779296875,144.29998779296875,142.29998779296875,153.29998779296875,133.29998779296875,141.29998779296875,140.29998779296875,140.29998779296875,141.29998779296875,145.29998779296875",",331,394,341,336,296,354,313,352,412,363,411,410,356,396,273,425,295,394,229,305,248,347,209,93,312,126,368,367,197,378,390,386,414,224,371,180,340,407,416,171,169,358,384,352,252,423,423,357,308,274,377,417,251,416,415,379,412,414,278,389,400,423,309,150,369,416,360,398,416,228,300,374,380,410,392,271,278,391,390,358,280,401,284,393,138,416,286,421,284,259,409,152,422,412,397,341,396,362,404,402,412,316,391,406,386,420,401,404,282,379,295,419,248,308,343,298,377,352,217,212,380,337,410,385,344,382,400,369,291,414,344,416,383,313,380,348,395,312,351,342,396,388,244,384,322,421,236,304,410,399",",8,4,7,12,13,7,10,5,3,5,3,3,7,6,10,0,10,6,11,10,13,7,11,14,10,14,12,12,14,9,4,4,1,13,12,14,7,2,1,14,14,7,9,12,11,0,0,12,8,13,9,1,11,1,3,9,3,1,13,6,2,0,10,14,12,1,5,4,1,11,10,12,9,2,4,13,13,9,6,5,13,2,8,4,14,3,8,0,8,8,3,14,0,1,6,5,2,5,3,2,3,8,9,6,9,0,2,2,13,4,8,0,11,10,10,7,4,7,11,14,9,5,1,4,5,6,3,4,11,1,5,0,12,13,6,5,2,8,7,10,6,6,11,12,7,0,11,8,2,9",",0,1,2,3,4,5,6,7,8,9,10,11,12,13,14,15,16,17,18,19,20,21,22,23,24,25,26,27,28,29,30,31,32,33,34,35,36,37,38,39,40,41,42,43,44,45,46,47,48,49,50,51,52,53,54,55,56,57,58,59,60,61,62,63,64,65,66,67,68,69,70,71,72,73,74,75,76,77,78,79,80,81,82,83,84,85,86,87,88,89,90,91,92,93,94,95,96,97,98,99,100,101,102,103,104,105,106,107,108,109,110,111,112,113,114,115,116,117,118,119,120,121,122,123,124,125,126,127,128,129,130,131,132,133,134,135,136,137,138,139,140,141,142,143,144,145,146,147,148,149"
"13",2,20376,144,297,",12173,4242,4115,5182,1244,1508,1347,1543,1873,1310,1104,918,968,1078,1666,1001,1546,1449,1152,1196,1663,4243,2148,3302,1868,1549,1848,1269,1286,1340,949,1079,1756,1694,1963,2723,1617,1734,1285,1220,3760,2766,1039,1036,1060,1132,1466,1134,951,1332,978,1199,1269,1199,1533,1048,1769,1444,974,1355,1367,1459,1294,1158,1390,1328,1434,1653,1746,1135,1853,1507,1433,1528,1075,2576,1700,1250,1227,1555,1843,1420,1330,1461,1396,1312,1461,1533,1827,1249,1528,1548,1256,1578,1311,1670,1599,1045,1577,1265,1516,1158,1400,1801,2005,1562,1148,1228,1669,1404,1161,1170,1191,1059,981,1156,1081,981,1784,1301,2020,1573,1224,1500,1065,1088,2491,1333,1107,1241,1610,1668,1159,1154,1188,1732,1636,1736,1725,1321,1212,1375,1262,1227,2918,1369,1585,2201,2209,1805",",270,39,171,140,135,144,140,135,142,141,139,138,141,145,144,138,144,143,141,139,141,132,142,139,140,137,134,140,140,144,139,135,143,142,134,142,140,142,143,138,143,133,143,142,141,140,143,141,143,138,141,139,140,144,138,140,140,142,142,139,143,142,144,141,136,144,142,133,140,141,141,141,135,147,149,138,139,153,151,143,144,144,154,144,142,150,145,152,153,143,149,142,137,141,141,141,130,131,131,142,132,131,142,141,141,126,128,137,141,141,136,130,142,138,144,142,143,137,143,146,148,142,144,141,145,142,146,142,141,144,147,146,142,139,144,145,141,141,142,144,144,147,150,147,143,144,147,151,144,138",",93,235,352,304,268,353,335,279,422,347,302,300,290,279,365,353,392,374,395,396,372,267,422,269,355,345,328,369,330,311,311,307,416,406,272,395,393,389,380,384,418,229,332,333,380,297,395,405,413,332,317,371,334,359,274,296,394,419,422,331,390,410,413,391,322,311,416,284,354,410,413,422,290,360,372,242,410,345,347,406,374,379,281,404,368,318,287,290,266,418,377,265,227,385,414,383,311,311,227,411,304,271,421,418,389,220,205,308,401,413,333,272,422,387,376,423,361,380,410,267,336,416,398,417,371,360,239,419,344,407,319,403,338,351,390,218,389,380,421,360,393,381,289,314,424,356,290,348,311,409",",14,9,5,9,12,8,7,12,0,7,12,10,10,13,6,6,4,6,4,4,7,14,0,11,7,7,9,6,12,10,8,10,1,2,11,2,4,9,9,4,1,14,7,8,5,13,2,2,3,8,10,9,10,7,11,10,6,0,0,8,2,3,1,4,8,13,1,11,5,2,3,0,10,12,12,11,3,12,7,2,5,5,11,2,5,8,13,13,14,1,6,11,14,6,1,2,13,13,14,3,10,13,0,1,4,14,14,8,2,3,7,13,0,6,9,0,5,6,3,11,12,1,4,1,5,5,14,1,7,3,10,3,8,9,4,14,4,9,0,12,6,9,11,13,0,5,11,12,8,3",",0,1,2,3,4,5,6,7,8,9,10,11,12,13,14,15,16,17,18,19,20,21,22,23,24,25,26,27,28,29,30,31,32,33,34,35,36,37,38,39,40,41,42,43,44,45,46,47,48,49,50,51,52,53,54,55,56,57,58,59,60,61,62,63,64,65,66,67,68,69,70,71,72,73,74,75,76,77,78,79,80,81,82,83,84,85,86,87,88,89,90,91,92,93,94,95,96,97,98,99,100,101,102,103,104,105,106,107,108,109,110,111,112,113,114,115,116,117,118,119,120,121,122,123,124,125,126,127,128,129,130,131,132,133,134,135,136,137,138,139,140,141,142,143,144,145,146,147,148,149"
"14",2,9849,142,295,",10140,6013,11601,8305,6070,4306,11489,10654,10724,12365,4453,5543,3519,7937,15003,6008,11143,9301,11441,3961,7653,7261,7042,8383,9409,6335,4767,9503,4422,3285,8823,6727,4459,7739,7374,12791,11875,5051,8281,4926,4618,12978,5662,8399,7190,4988,5199,10811,6099,8617,7409,7239,6281,5880,10725,3425,8483,4491,9017,5997,4485,5589,5019,9355,10312,10563,6053,2963,6243,4320,8650,6534,3605,7857,3519,13417,8007,7828,6171,6069,8171,5355,4853,6437,6273,6111,6085,4101,8539,4447,9629,5129,9820,5724,4117,5097,3804,3865,8883,6555,10407,9538,6458,6657,7913,4650,5285,13535,6500,5379,4123,4884,5661,5743,4256,4422,4595,3105,6069,2823,5395,2997,4861,3420,3206,8421,6625,9590,6327,2665,4037,8725,5307,7865,3057,4241,8485,2257,5575,4885,5999,3437,5613,6171,3559,4173,4273,4931,5702,5065,3121,4155,4540",",144,142,146,142,144,143,142,145,145,146,143,143,143,143,146,143,143,157,145,144,147,140,146,147,163,142,151,148,144,143,147,147,143,153,144,148,147,142,152,145,145,153,142,152,149,144,143,141,141,141,148,147,142,143,151,143,137,142,142,142,142,144,142,148,151,139,149,143,142,142,142,140,144,144,142,136,145,145,142,152,150,144,144,146,147,141,147,148,145,143,146,145,147,139,145,138,142,142,147,141,148,151,140,147,141,138,138,132,147,146,141,141,146,142,139,144,144,143,141,143,137,143,140,144,139,143,155,145,149,143,144,143,143,141,142,142,142,145,142,145,128,143,149,153,143,143,147,147,147,148,144,145,139",",298,384,361,390,377,417,340,347,347,233,408,409,415,377,241,426,213,223,242,407,323,378,342,340,221,341,228,292,400,415,322,372,383,249,358,268,138,425,307,412,406,105,426,207,146,357,427,116,418,418,382,386,418,317,260,425,48,419,363,312,417,401,400,275,184,45,278,412,383,406,413,406,424,371,406,234,373,254,417,350,288,380,407,363,330,404,347,392,318,426,357,368,351,350,355,279,418,418,250,403,183,229,139,209,266,257,390,33,162,202,419,184,353,294,315,385,338,403,375,407,342,411,355,425,392,370,244,154,276,415,309,218,390,378,424,336,223,189,364,238,317,334,261,263,160,425,156,264,170,194,216,360,354",",8,4,5,4,6,1,7,5,13,2,3,1,6,8,0,8,13,10,2,12,6,5,12,13,7,8,7,2,1,5,4,4,13,9,8,14,0,12,3,3,11,0,13,11,5,0,14,1,6,9,1,5,10,0,14,1,9,5,1,3,3,7,11,14,10,2,6,2,3,3,0,9,3,8,4,10,1,12,10,4,3,9,7,3,9,6,5,0,4,9,12,9,5,10,1,13,2,14,10,14,13,10,11,6,14,11,8,1,11,9,12,12,6,7,2,4,2,12,2,7,0,4,6,13,11,13,2,12,8,4,6,0,5,13,14,9,8,12,7,10,10,14,0,14,8,11,11,11,7,7",",0,1,2,3,4,5,6,7,8,9,10,11,12,13,14,15,16,17,18,19,20,21,22,23,24,25,26,27,28,29,30,31,32,33,34,35,36,37,38,39,40,41,42,43,44,45,46,47,48,49,50,51,52,53,54,55,56,57,58,59,60,61,62,63,64,65,66,67,68,69,70,71,72,73,74,75,76,77,78,79,80,81,82,83,84,85,86,87,88,89,90,91,92,93,94,95,96,97,98,99,100,101,102,103,104,105,106,107,108,109,110,111,112,113,114,115,116,117,118,119,120,121,122,123,124,125,126,127,128,129,130,131,132,133,134,135,136,137,138,139,140,141,142,143,144,145,146,147,148,149"
"15",2,2941,144.099975585938,292,",4701,2687,5711,2335,2996,3119,2663,4878,2791,2064,1496,1246,1223,1031,1511,1543,1759,1999,2135,2903,1127,1520,2919,2259,1263,2015,1559,3470,2407,2127,3087,1990,1559,1143,1168,1528,1856,1952,1503,1255,967,927,1103,1007,1718,1111,1655,1311,1955,1800,1392,1103,1199,2911,1423,1064,1048,1391,1135,1376,1431,1880,2024,1408,1919,1999,2031,2808,2199,2735,1839,1879,2170,1231,1079,1471,1288,2207,2431,1071,1047,1872,1568,1592,1464,1519,1703,1519,1519,1511,1024,1328,1287,1159,1279,1128,1895,1007,1230,1375,1247,1207,1958,1559,2191,1272,816,976,1104,1199,1175,1096,1231,1327,1135,1199,1208,1359,1103,1031,2215,1279,943,1144,1503,1575,1103,1560,2295,2307,1679,1143,3063,2071,1280,1159,1207,1119,1248,1407,1056,1240,1063,1111,1215,2007,767,927,1312,1207",",139.0999755859375,143.0999755859375,145.0999755859375,142.0999755859375,141.0999755859375,144.0999755859375,142.0999755859375,141.0999755859375,143.0999755859375,142.0999755859375,141.0999755859375,132.0999755859375,139.0999755859375,140.0999755859375,144.0999755859375,140.0999755859375,146.0999755859375,143.0999755859375,134.0999755859375,139.0999755859375,143.0999755859375,144.0999755859375,144.0999755859375,149.0999755859375,137.0999755859375,140.0999755859375,140.0999755859375,142.0999755859375,146.0999755859375,142.0999755859375,156.0999755859375,140.0999755859375,148.0999755859375,141.0999755859375,140.0999755859375,144.0999755859375,140.0999755859375,139.0999755859375,138.0999755859375,140.0999755859375,137.0999755859375,144.0999755859375,140.0999755859375,128.0999755859375,131.0999755859375,138.0999755859375,139.0999755859375,136.0999755859375,140.0999755859375,125.0999755859375,120.0999755859375,140.0999755859375,140.0999755859375,148.0999755859375,134.0999755859375,142.0999755859375,138.0999755859375,144.0999755859375,140.0999755859375,140.0999755859375,157.0999755859375,136.0999755859375,138.0999755859375,143.0999755859375,146.0999755859375,130.0999755859375,133.0999755859375,142.0999755859375,138.0999755859375,128.0999755859375,118.0999755859375,134.0999755859375,140.0999755859375,142.0999755859375,133.0999755859375,138.0999755859375,137.0999755859375,140.0999755859375,129.0999755859375,136.0999755859375,143.0999755859375,140.0999755859375,144.0999755859375,134.0999755859375,138.0999755859375,143.0999755859375,143.0999755859375,140.0999755859375,140.0999755859375,143.0999755859375,144.0999755859375,144.0999755859375,133.0999755859375,140.0999755859375,143.0999755859375,139.0999755859375,144.0999755859375,144.0999755859375,141.0999755859375,154.0999755859375,152.0999755859375,154.0999755859375,135.0999755859375,143.0999755859375,127.0999755859375,122.0999755859375,138.0999755859375,128.0999755859375,124.0999755859375,142.0999755859375,139.0999755859375,141.0999755859375,141.0999755859375,141.0999755859375,144.0999755859375,140.0999755859375,138.0999755859375,142.0999755859375,140.0999755859375,135.0999755859375,142.0999755859375,133.0999755859375,128.0999755859375,114.0999755859375,143.0999755859375,146.0999755859375,140.0999755859375,144.0999755859375,141.0999755859375,154.0999755859375,138.0999755859375,143.0999755859375,135.0999755859375,144.0999755859375,142.0999755859375,142.0999755859375,139.0999755859375,140.0999755859375,141.0999755859375,140.0999755859375,144.0999755859375,144.0999755859375,141.0999755859375,133.0999755859375,133.0999755859375,144.0999755859375,129.0999755859375,153.0999755859375,144.0999755859375,135.0999755859375",",188,420,217,392,269,273,242,265,421,420,333,384,267,378,423,318,348,420,204,224,277,342,354,280,345,409,237,410,324,123,252,412,347,418,409,414,424,340,176,355,387,408,378,341,144,365,369,388,400,164,344,320,404,270,267,408,208,424,400,401,384,388,302,273,184,380,332,413,415,74,40,390,306,371,296,105,379,235,130,414,406,412,392,405,389,404,181,318,421,416,420,381,267,252,423,311,365,359,233,283,246,364,128,316,83,348,393,365,187,417,383,424,290,343,232,290,383,181,352,400,380,221,279,110,412,342,240,54,408,372,370,420,35,328,413,390,384,392,406,347,315,381,289,364,234,349,368,301,300,226",",14,1,11,4,10,11,12,10,0,1,8,5,10,3,0,7,8,1,13,13,10,6,9,10,7,2,13,3,12,14,11,3,7,1,2,3,0,12,11,4,6,3,4,9,11,6,4,9,2,13,7,7,3,8,7,2,14,0,1,6,12,9,8,13,14,6,7,1,3,11,14,12,5,4,5,14,2,13,11,3,1,9,2,12,6,3,8,4,0,0,0,4,13,8,0,5,5,5,8,13,10,12,11,9,14,9,6,7,13,1,2,0,5,9,10,5,6,8,6,3,9,13,10,14,1,5,11,14,2,12,12,0,14,7,1,2,4,2,6,7,10,4,8,12,11,5,4,10,9,8",",0,1,2,3,4,5,6,7,8,9,10,11,12,13,14,15,16,17,18,19,20,21,22,23,24,25,26,27,28,29,30,31,32,33,34,35,36,37,38,39,40,41,42,43,44,45,46,47,48,49,50,51,52,53,54,55,56,57,58,59,60,61,62,63,64,65,66,67,68,69,70,71,72,73,74,75,76,77,78,79,80,81,82,83,84,85,86,87,88,89,90,91,92,93,94,95,96,97,98,99,100,101,102,103,104,105,106,107,108,109,110,111,112,113,114,115,116,117,118,119,120,121,122,123,124,125,126,127,128,129,130,131,132,133,134,135,136,137,138,139,140,141,142,143,144,145,146,147,148,149"
"16",2,8412,142.0078125,293.5,",4851,10247,8783,12647,12083,8078,9743,2834,2316,2937,3944,2046,3274,1583,2274,2621,2947,1935,3145,2923,2643,4952,1773,1817,3704,4249,3193,2420,2561,2063,4038,2478,3323,2197,2260,2634,3024,3594,2354,5248,2609,2106,1986,2190,5847,2905,1498,1465,1838,2338,1971,1949,2005,1846,2925,2188,1681,2657,3201,1636,3824,4118,2047,2403,3409,3709,2587,1549,1719,2090,2656,2203,1815,2388,1688,4492,2571,3537,2628,2280,3599,3434,2124,4918,2012,4959,1688,2449,2568,4930,2762,2837,2086,1799,1913,1444,2683,2253,3088,1904,3241,5207,2483,1241,1871,1825,2162,3492,1402,1657,2076,3396,1204,2432,1556,1711,2394,2659,3633,3780,1674,4853,3924,2204,1839,1696,2168,1569,3771,3259,2026,2122,1252,1523,2281,2498,2221,1852,2298,1683,2207,1890,1670,1563,1345,2555,1721,2285,1678,1637",",147.015625,142.0078125,138.015625,132.015625,141.015625,139.0078125,142.0078125,142.0078125,142.0078125,141.015625,139.0078125,133.0078125,142.0078125,142.0078125,144.015625,138.015625,139.0078125,135.015625,139.0078125,141.015625,139.0078125,141.015625,136.0078125,141.015625,144.015625,142.0078125,133.0078125,135.015625,138.015625,135.015625,141.015625,127.0078125,139.0078125,135.015625,135.015625,135.015625,138.015625,141.015625,138.015625,141.015625,135.015625,141.015625,141.015625,142.0078125,135.015625,136.0078125,144.015625,138.015625,142.0078125,126.015625,139.0078125,144.015625,144.015625,142.0078125,130.0078125,141.015625,141.015625,130.0078125,129.015625,133.0078125,141.015625,141.015625,142.0078125,139.0078125,141.015625,126.015625,142.0078125,142.0078125,141.015625,127.0078125,126.015625,139.0078125,138.015625,141.015625,142.0078125,139.0078125,136.0078125,133.0078125,139.0078125,132.015625,135.015625,129.015625,144.015625,138.015625,130.0078125,130.0078125,142.0078125,118.0078125,141.015625,141.015625,142.0078125,136.0078125,142.0078125,145.0078125,142.0078125,138.015625,133.0078125,133.0078125,141.015625,142.0078125,141.015625,139.0078125,144.015625,142.0078125,138.015625,144.015625,132.015625,139.0078125,144.015625,132.015625,130.0078125,133.0078125,133.0078125,142.0078125,139.0078125,133.0078125,144.015625,141.015625,133.0078125,142.0078125,136.0078125,132.015625,129.015625,144.015625,127.0078125,136.0078125,136.0078125,136.0078125,118.0078125,138.015625,141.015625,136.0078125,138.015625,129.015625,127.0078125,133.0078125,135.015625,138.015625,139.0078125,141.015625,132.015625,123.015625,129.015625,132.015625,139.0078125,121.0078125,139.0078125,136.0078125,136.0078125,136.0078125",",270.4921875,384.4921875,339.4921875,206.5,236.5,287.5,419.5,413.5,413.5,347.5,344.5,263.5,423.4921875,419.5,375.4921875,248.5,305.5,215.5,359.5,293.5,240.4921875,386.5,269.5,393.4921875,411.4921875,411.4921875,263.5,303.4921875,258.4921875,368.5,404.5,225.4921875,405.4921875,270.4921875,230.5,290.5,222.4921875,345.4921875,333.4921875,393.4921875,330.4921875,411.4921875,375.4921875,386.5,240.4921875,290.5,414.4921875,341.5,413.5,258.4921875,347.5,419.5,422.5,417.4921875,248.5,401.5,408.4921875,315.4921875,267.4921875,293.5,416.5,405.4921875,425.5,399.4921875,419.5,209.5,420.4921875,419.5,426.4921875,236.5,245.5,401.5,413.5,378.4921875,348.4921875,371.5,333.4921875,246.4921875,357.4921875,233.5,375.4921875,279.4921875,425.5,401.5,191.5,296.5,423.4921875,258.4921875,408.4921875,372.4921875,378.4921875,294.4921875,383.5,369.4921875,423.4921875,332.5,231.4921875,266.5,374.5,380.5,359.5,299.5,393.4921875,387.4921875,329.5,407.5,260.5,416.5,422.5,383.5,291.4921875,393.4921875,392.5,417.4921875,359.5,357.4921875,392.5,237.4921875,329.5,411.4921875,272.5,315.4921875,126.4921875,335.5,242.5,204.4921875,311.5,377.5,122.5,381.4921875,413.5,366.4921875,306.4921875,240.4921875,237.4921875,341.5,324.4921875,392.5,396.4921875,414.4921875,323.5,131.5,246.4921875,383.5,375.4921875,207.4921875,407.5,188.5,368.5,233.5",",10,5,7,14,12,11,1,2,2,6,6,13,0,0,5,12,9,14,6,9,13,4,10,3,2,2,13,11,12,6,3,14,3,11,13,10,13,7,7,3,8,1,5,5,13,11,2,7,2,13,8,0,0,1,13,4,3,9,11,10,2,3,0,2,1,14,1,1,0,13,12,4,3,5,7,9,7,11,5,14,12,10,0,9,14,10,0,13,1,9,4,8,9,12,0,7,11,10,12,6,4,10,4,4,5,3,8,1,0,6,8,6,6,1,7,9,4,11,9,1,8,12,14,5,8,8,5,6,14,12,3,4,5,8,8,10,7,6,2,3,12,14,11,9,4,11,2,14,7,10",",0,1,2,3,4,5,6,7,8,9,10,11,12,13,14,15,16,17,18,19,20,21,22,23,24,25,26,27,28,29,30,31,32,33,34,35,36,37,38,39,40,41,42,43,44,45,46,47,48,49,50,51,52,53,54,55,56,57,58,59,60,61,62,63,64,65,66,67,68,69,70,71,72,73,74,75,76,77,78,79,80,81,82,83,84,85,86,87,88,89,90,91,92,93,94,95,96,97,98,99,100,101,102,103,104,105,106,107,108,109,110,111,112,113,114,115,116,117,118,119,120,121,122,123,124,125,126,127,128,129,130,131,132,133,134,135,136,137,138,139,140,141,142,143,144,145,146,147,148,149"
"17",2,10704,144,294,",4845,5459,4322,4339,2538,2959,4633,3030,3570,4191,3842,3666,3585,2965,4048,3459,4123,3648,2102,2398,2662,3909,3179,3607,6394,2934,3406,4845,3496,4441,3475,6750,2190,2566,4772,2604,2617,4698,5148,2270,3864,2655,3561,3724,2734,2912,3939,3222,3038,4483,3702,3473,3459,2640,3103,4180,3932,2992,3288,3501,2087,3686,4327,3206,2920,3788,2830,2698,3673,2439,2440,5160,3922,2322,1696,3574,3628,3444,3088,3178,2676,2264,3656,6363,5049,3464,3445,4717,3636,5197,3649,4026,3184,3677,2506,2580,4917,4127,3789,5062,5218,4576,4098,4988,3471,3111,3641,5114,7102,2713,2536,2646,3034,2116,4961,3590,2836,4290,3094,3493,2883,3772,1870,4384,2653,2218,3163,4303,4333,6802,4893,4715,3427,5999,4186,3810,5564,4530,3419,3508,2365,2431,1760,3329,2283,1828,3970,3972,5292,2276",",145,142,137,135,140,140,142,136,140,142,140,140,142,139,141,142,145,140,141,141,135,142,141,146,143,143,144,135,142,148,142,144,144,142,144,143,141,134,141,142,146,149,138,142,145,139,143,142,142,140,133,140,142,142,141,139,144,142,144,142,144,145,143,142,140,133,144,140,143,139,140,140,143,144,142,140,138,143,140,139,141,142,141,137,144,144,144,144,145,141,142,145,140,141,144,139,131,140,144,142,143,143,142,144,143,144,144,141,144,144,143,141,141,143,144,132,133,138,140,143,142,136,142,135,141,145,143,141,141,143,137,142,140,146,146,145,140,136,143,142,142,143,142,141,140,143,143,137,143,141",",343,264,204,256,333,276,413,313,386,426,350,227,408,232,230,393,363,232,333,316,209,418,383,275,417,378,357,154,295,341,424,387,348,386,143,357,386,178,424,416,263,270,318,388,351,349,408,426,426,178,180,397,420,369,387,293,406,344,410,221,411,410,420,365,280,188,409,362,356,366,360,210,360,402,417,273,359,422,327,298,296,417,340,165,285,328,405,390,385,371,412,362,395,358,422,357,138,359,392,239,351,353,412,211,426,409,390,302,288,408,424,365,384,387,143,233,332,208,367,269,351,248,423,136,293,355,426,209,411,420,140,236,293,386,356,364,412,322,406,387,391,357,405,276,270,407,413,260,427,367",",7,10,13,11,7,10,2,8,6,0,9,13,3,13,11,6,9,11,7,7,13,1,6,10,1,6,5,14,8,7,0,4,5,6,14,5,4,14,0,1,13,13,12,6,5,12,3,0,0,14,14,6,1,9,4,10,2,7,2,11,3,3,1,9,13,14,3,9,12,9,12,11,7,2,1,8,12,1,10,10,8,1,7,11,10,5,2,4,4,9,2,12,6,7,1,7,14,5,6,8,5,12,2,11,0,3,4,10,8,3,0,9,6,4,14,13,12,11,9,8,12,13,0,14,8,5,0,11,3,1,14,11,10,4,12,5,3,10,2,4,4,5,2,8,8,2,3,13,0,9",",0,1,2,3,4,5,6,7,8,9,10,11,12,13,14,15,16,17,18,19,20,21,22,23,24,25,26,27,28,29,30,31,32,33,34,35,36,37,38,39,40,41,42,43,44,45,46,47,48,49,50,51,52,53,54,55,56,57,58,59,60,61,62,63,64,65,66,67,68,69,70,71,72,73,74,75,76,77,78,79,80,81,82,83,84,85,86,87,88,89,90,91,92,93,94,95,96,97,98,99,100,101,102,103,104,105,106,107,108,109,110,111,112,113,114,115,116,117,118,119,120,121,122,123,124,125,126,127,128,129,130,131,132,133,134,135,136,137,138,139,140,141,142,143,144,145,146,147,148,149"
"18",2,5103,142.119140625,291.748046875,",2357,3056,2469,1927,1509,2240,1501,2202,1879,3531,1783,3319,2162,2515,1976,2250,2328,2171,3956,2698,1627,1964,1534,1595,3382,1810,3050,2368,2603,1399,1564,1259,2163,1447,2177,3186,1447,1879,1880,1783,1541,1745,1759,1469,1775,2258,1453,1462,1526,2893,2011,2562,1083,2036,1837,1329,2422,1872,2279,1612,1848,1720,3398,1587,1534,4545,1933,1705,3812,2474,2516,1697,1429,1557,2476,2014,1438,1761,2218,2118,1742,1314,1855,1391,1431,2092,1405,1496,1737,1502,1486,2234,1267,1950,2091,1640,2252,1643,1101,1667,3226,1663,1274,1258,1592,2084,1547,1541,1658,2138,3673,3923,1501,3138,4985,1854,3691,1225,4615,3955,1429,1467,3074,1769,1533,2037,1359,1692,1895,1321,1871,2233,1526,9694,5379,1775,3547,1564,1218,1228,1590,11842,1619,4150,1480,2791,1541,1185,3255,2611",",134.12109375,143.125,143.125,126.123046875,142.119140625,147.119140625,143.125,144.12109375,146.123046875,138.125,149.12109375,141.123046875,142.119140625,144.12109375,142.119140625,158.125,141.123046875,139.12109375,148.125,143.125,148.125,144.12109375,149.12109375,145.1171875,151.123046875,147.119140625,143.125,146.123046875,143.125,141.123046875,144.12109375,141.123046875,141.123046875,137.119140625,143.125,144.12109375,146.123046875,152.119140625,151.123046875,148.125,152.119140625,153.125,143.125,146.123046875,146.123046875,146.123046875,156.123046875,141.123046875,148.125,153.125,146.123046875,144.12109375,144.12109375,148.125,145.1171875,149.12109375,147.119140625,140.1171875,135.1171875,144.12109375,145.1171875,141.123046875,149.12109375,143.125,141.123046875,141.123046875,149.12109375,151.123046875,143.125,141.123046875,144.12109375,155.1171875,156.123046875,143.125,140.1171875,149.12109375,143.125,155.1171875,149.12109375,143.125,143.125,144.12109375,141.123046875,140.1171875,153.125,139.12109375,146.123046875,139.12109375,140.1171875,153.125,151.123046875,148.125,141.123046875,148.125,160.1171875,149.12109375,154.12109375,138.125,144.12109375,142.119140625,143.125,129.12109375,145.1171875,142.119140625,133.125,139.12109375,145.1171875,153.125,144.12109375,143.125,134.12109375,138.125,145.1171875,136.123046875,141.123046875,142.119140625,141.123046875,141.123046875,156.123046875,142.119140625,148.125,156.123046875,142.119140625,139.12109375,141.123046875,142.119140625,143.125,156.123046875,142.119140625,140.1171875,146.123046875,146.123046875,139.12109375,148.125,143.125,139.12109375,149.12109375,147.119140625,138.125,143.125,141.123046875,143.125,156.123046875,151.123046875,143.125,142.119140625,131.123046875,143.125,142.119140625,143.125",",284.375,422.373046875,379.375,227.373046875,318.369140625,328.369140625,318.369140625,400.37109375,286.376953125,353.369140625,269.375,414.375,407.373046875,405.37109375,421.376953125,257.373046875,258.369140625,274.375,184.375,391.376953125,262.373046875,297.373046875,152.373046875,383.369140625,242.373046875,289.375,399.375,392.373046875,400.37109375,365.37109375,409.375,408.369140625,166.376953125,217.373046875,139.375,427.373046875,373.369140625,302.373046875,141.376953125,387.373046875,393.369140625,196.376953125,331.376953125,308.369140625,310.37109375,240.37109375,387.373046875,374.375,414.375,271.376953125,291.376953125,418.369140625,387.373046875,248.369140625,406.376953125,301.376953125,299.375,182.373046875,177.373046875,169.375,233.369140625,404.375,320.37109375,422.373046875,401.376953125,394.375,302.373046875,231.376953125,401.376953125,402.373046875,293.369140625,382.373046875,317.373046875,406.376953125,420.37109375,336.376953125,373.369140625,229.375,225.37109375,422.373046875,424.375,354.375,407.373046875,376.376953125,305.37109375,231.376953125,407.373046875,362.373046875,393.369140625,399.375,392.373046875,387.373046875,416.376953125,219.375,345.37109375,266.376953125,329.375,379.375,374.375,252.373046875,419.375,303.369140625,261.376953125,428.369140625,277.373046875,417.373046875,300.37109375,271.376953125,269.375,382.373046875,356.376953125,338.369140625,422.373046875,341.376953125,326.376953125,296.376953125,247.373046875,394.375,384.375,391.376953125,351.376953125,321.376953125,397.373046875,393.369140625,413.369140625,359.375,389.375,306.376953125,353.369140625,319.375,361.376953125,362.373046875,356.376953125,341.376953125,396.376953125,313.369140625,387.373046875,347.373046875,327.373046875,371.376953125,374.375,294.375,357.373046875,354.375,392.373046875,417.373046875,336.376953125,369.375,396.376953125,413.369140625",",12,0,5,13,7,9,12,3,11,5,10,1,3,3,0,13,8,8,14,6,11,10,14,6,10,8,2,4,2,5,1,1,14,13,11,0,4,10,14,6,6,11,7,7,7,8,9,4,3,13,12,1,4,13,3,10,10,14,14,11,14,3,12,0,2,9,11,14,2,3,8,9,13,1,0,7,4,14,14,0,0,5,3,4,10,11,3,5,2,6,6,4,1,13,9,11,7,4,4,13,0,7,8,0,9,1,12,13,8,4,6,6,0,5,9,8,10,2,9,2,12,13,2,6,1,5,6,11,7,12,7,12,12,8,3,8,9,7,10,5,5,11,12,9,2,1,10,5,2,1",",0,1,2,3,4,5,6,7,8,9,10,11,12,13,14,15,16,17,18,19,20,21,22,23,24,25,26,27,28,29,30,31,32,33,34,35,36,37,38,39,40,41,42,43,44,45,46,47,48,49,50,51,52,53,54,55,56,57,58,59,60,61,62,63,64,65,66,67,68,69,70,71,72,73,74,75,76,77,78,79,80,81,82,83,84,85,86,87,88,89,90,91,92,93,94,95,96,97,98,99,100,101,102,103,104,105,106,107,108,109,110,111,112,113,114,115,116,117,118,119,120,121,122,123,124,125,126,127,128,129,130,131,132,133,134,135,136,137,138,139,140,141,142,143,144,145,146,147,148,149"
"19",2,3323,141,293,",2355,2028,1981,2991,2265,2633,2052,2187,3491,2289,3069,1547,3023,1948,1736,1968,2076,4099,2569,3993,2704,2693,2819,2689,1990,2132,3896,2540,2204,2398,3718,2343,1357,2329,1892,1986,2669,1446,2570,2390,2255,2343,1974,2593,1758,2820,1709,2326,3437,4228,1911,2428,1991,2459,1990,1701,3278,1702,2021,3515,4608,1659,2106,1858,3084,3126,2193,1504,3702,1895,1672,2305,1694,1642,1834,2308,1798,4317,2211,2052,4733,1419,3297,1678,2177,2344,1654,2006,2497,2405,2937,1868,1686,2200,2248,4587,1928,1773,2148,1609,2377,2474,1898,1898,1638,2164,2268,5055,3216,2490,1499,1398,1871,1787,1852,1723,1529,1864,1765,2889,2804,1531,3985,2139,1606,1483,1933,1825,1990,1677,1568,1897,1925,1584,2553,2278,1617,1570,1618,1694,2233,1859,2041,1718,1669,2388,1419,2360,1640,2738,1966",",142,145,143,153,141,158,153,147,141,141,139,145,153,144,148,149,144,141,146,142,142,143,142,141,148,143,144,159,148,142,144,147,145,142,155,155,141,139,141,146,159,137,143,143,144,145,144,145,140,145,141,148,141,157,141,148,139,149,151,141,143,153,145,155,141,140,147,142,142,156,154,169,143,143,161,144,157,143,157,143,142,148,148,149,168,143,155,163,142,152,147,164,143,139,141,145,149,151,140,147,153,155,146,142,140,141,144,142,143,142,142,138,152,159,153,170,168,153,161,144,148,144,144,144,152,142,142,143,142,152,156,154,133,137,141,146,145,145,148,142,142,151,141,152,146,159,141,150,165,158,142",",411,343,405,331,423,302,289,340,364,329,405,331,252,391,390,279,349,345,252,292,371,371,356,418,338,421,347,236,339,379,377,280,327,368,237,237,418,368,396,342,238,395,414,339,387,364,306,241,285,361,403,335,361,290,371,281,395,299,268,404,417,338,330,290,413,402,291,410,417,344,330,255,423,414,286,303,257,253,303,408,414,350,399,386,264,406,350,296,319,306,303,264,393,332,305,383,277,319,396,316,254,256,295,408,378,389,264,388,421,421,349,306,321,299,301,256,270,279,281,318,381,394,413,398,306,330,400,416,417,332,331,301,303,416,328,335,377,374,344,427,330,332,422,327,300,265,417,337,293,268,406",",2,7,3,9,0,12,11,7,6,8,3,8,14,4,4,11,7,8,12,10,5,5,5,0,8,0,6,13,7,5,5,10,7,5,13,1,5,2,7,12,3,1,6,4,6,10,13,12,5,2,8,5,12,5,12,3,11,13,2,0,6,8,11,1,2,11,2,1,6,7,14,0,1,11,9,13,11,9,2,1,6,3,4,14,2,6,11,8,9,10,13,4,10,9,4,14,9,3,10,14,14,10,2,4,3,12,4,0,0,7,14,9,14,11,13,14,12,13,10,4,3,1,3,13,8,3,0,1,9,9,11,12,1,9,7,4,6,10,0,8,6,0,7,10,13,1,8,12,14,2",",0,1,2,3,4,5,6,7,8,9,10,11,12,13,14,15,16,17,18,19,20,21,22,23,24,25,26,27,28,29,30,31,32,33,34,35,36,37,38,39,40,41,42,43,44,45,46,47,48,49,50,51,52,53,54,55,56,57,58,59,60,61,62,63,64,65,66,67,68,69,70,71,72,73,74,75,76,77,78,79,80,81,82,83,84,85,86,87,88,89,90,91,92,93,94,95,96,97,98,99,100,101,102,103,104,105,106,107,108,109,110,111,112,113,114,115,116,117,118,119,120,121,122,123,124,125,126,127,128,129,130,131,132,133,134,135,136,137,138,139,140,141,142,143,144,145,146,147,148,149"
"20",2,8652,142,293,",3853,2986,2482,1637,2751,1988,1436,2194,1722,2237,2586,2093,1618,1801,1965,2323,2072,2089,2329,3218,2550,3260,2922,1610,2221,2019,2372,1452,2156,1472,1846,1819,2497,1619,2226,2314,2457,14594,2108,5097,4556,5283,2515,21102,1809,1197,1909,1652,1651,1710,1621,1824,1339,1773,1591,966,1627,1824,1645,1590,1679,1571,1646,1534,2208,2149,2166,1520,1492,2702,2051,2524,2372,17308,1509,1267,1665,1374,1367,1332,1699,1851,1839,1886,1468,1703,1526,1700,1805,1718,1572,1382,1399,1121,1445,1292,1471,2035,1106,1107,1453,1096,1366,1472,1051,1610,1764,1732,1541,1024,1577,1812,1167,2205,1668,855,1408,1882,1415,1566,1699,1098,13016,1118,1151,2234,1714,1467,1331,1431,1255,1953,1143,1243,1442,1457,1315,3115,10401,1111,3166,1195,1087,1114,1335,1202,1067,1165,1111,2299",",144,143,144,144,137,143,144,141,140,142,139,141,143,136,137,136,144,143,141,140,137,146,144,143,137,143,140,142,142,142,142,145,139,144,141,142,145,138,144,147,140,144,142,142,135,138,142,145,140,139,144,142,144,146,143,139,141,138,140,143,141,144,139,143,143,145,140,139,141,139,134,141,139,142,136,147,147,126,142,143,139,139,143,140,139,138,143,141,144,141,149,144,142,136,146,149,140,145,147,144,142,150,144,150,138,137,142,142,147,144,143,142,140,144,141,144,143,150,142,143,142,145,142,144,140,138,135,139,129,139,130,140,139,134,136,134,133,143,138,140,144,140,146,141,144,141,140,131,137,135",",426,391,404,409,260,334,379,421,378,412,293,279,414,294,337,263,308,421,353,415,296,348,387,397,319,419,339,404,347,417,381,322,401,410,363,322,391,404,417,344,351,372,392,414,297,374,380,394,307,332,415,389,250,319,259,375,391,293,393,336,389,421,362,329,422,422,246,365,409,395,270,417,297,407,306,337,264,253,373,409,291,391,415,357,392,306,412,419,350,327,267,358,339,331,252,285,361,401,307,315,334,347,265,275,358,271,416,262,329,375,413,350,408,310,382,394,352,301,402,366,398,374,387,327,329,352,253,291,298,395,283,336,333,263,239,301,275,403,283,332,410,292,335,312,323,289,409,306,350,308",",0,5,3,3,14,9,5,0,5,2,14,14,1,13,12,14,12,0,7,1,14,8,5,3,13,0,9,2,11,1,7,13,4,2,7,9,3,3,1,9,8,6,4,2,13,6,5,4,12,10,0,4,14,10,14,5,4,10,3,9,4,0,6,8,0,0,14,5,2,3,12,0,11,2,12,9,13,13,5,2,11,4,1,7,6,10,1,1,9,11,14,7,7,8,13,10,6,3,10,11,10,8,13,11,6,12,0,12,8,5,1,7,1,11,5,4,7,10,2,6,3,6,4,12,8,6,14,11,10,3,13,6,8,12,13,9,11,2,11,8,1,12,7,8,7,10,2,9,4,9",",0,1,2,3,4,5,6,7,8,9,10,11,12,13,14,15,16,17,18,19,20,21,22,23,24,25,26,27,28,29,30,31,32,33,34,35,36,37,38,39,40,41,42,43,44,45,46,47,48,49,50,51,52,53,54,55,56,57,58,59,60,61,62,63,64,65,66,67,68,69,70,71,72,73,74,75,76,77,78,79,80,81,82,83,84,85,86,87,88,89,90,91,92,93,94,95,96,97,98,99,100,101,102,103,104,105,106,107,108,109,110,111,112,113,114,115,116,117,118,119,120,121,122,123,124,125,126,127,128,129,130,131,132,133,134,135,136,137,138,139,140,141,142,143,144,145,146,147,148,149"
